Study_No_,latitude,longitude,CSA_practices,Crop_group,crop_type,Rainfall,Altitude_r,slope,temp_mean_annual,precip_seasonality,lgp_days,soil_clay,soil_ph,soil_soc,land_cover,Indicator,response_ratio,log_response_ratio
6,8.38,39.37,Conservation tillage,Cereal,Maize,755.658,1415.8353,2.3403988,20.710514,84.359604,214.0,31.700000762939453,7.700000286102295,27.89999961853028,30,yield,1.1145833333333333,0.1084806429940698
6,8.66,39.43,Conservation tillage,Cereal,Maize,767.6319,1455.8497,1.0800745,20.921404,88.64855,214.0,33.79999923706055,7.900000095367432,21.39999961853028,50,yield,1.087837837837838,0.084192091220348
6,8.38,39.37,Conservation tillage,Cereal,Teff,755.658,1415.8353,2.3403988,20.710514,84.359604,214.0,31.700000762939453,7.700000286102295,27.89999961853028,30,yield,1.1566265060240963,0.1455075836712382
6,8.66,39.43,Conservation tillage,Cereal,Teff,767.6319,1455.8497,1.0800745,20.921404,88.64855,214.0,33.79999923706055,7.900000095367432,21.39999961853028,50,yield,1.2317073170731707,0.2084012695770063
35,8.66,39.43,Conservation tillage,Cereal,Maize,767.6319,1455.8497,1.0800745,20.921404,88.64855,214.0,33.79999923706055,7.900000095367432,21.39999961853028,50,yield,1.5889830508474576,0.4630942209448007
35,8.66,39.43,Conservation tillage,Cereal,Maize,767.6319,1455.8497,1.0800745,20.921404,88.64855,214.0,33.79999923706055,7.900000095367432,21.39999961853028,50,yield,0.8834745762711864,-0.1238927637867539
35,8.66,39.43,Conservation tillage,Cereal,Maize,767.6319,1455.8497,1.0800745,20.921404,88.64855,214.0,33.79999923706055,7.900000095367432,21.39999961853028,50,yield,1.3834745762711864,0.3245981436908756
122,8.66,39.43,Conservation tillage,Cropland,Cropland,767.6319,1455.8497,1.0800745,20.921404,88.64855,214.0,33.79999923706055,7.900000095367432,21.39999961853028,50,yield,0.9192546583850932,-0.0841920912203479
175,9.58,41.87,drip irrigation,Vegetable,Tomato,633.80585,1247.3824,4.2092156,24.318882,64.69834,153.0,32.20000076293945,7.800000190734863,32.79999923706055,50,yield,1.3955512572533848,0.3332895037054963
175,9.58,41.87,drip irrigation,Vegetable,Tomato,633.80585,1247.3824,4.2092156,24.318882,64.69834,153.0,32.20000076293945,7.800000190734863,32.79999923706055,50,yield,1.493230174081238,0.4009416755163471
175,9.58,41.87,drip irrigation,Vegetable,Tomato,633.80585,1247.3824,4.2092156,24.318882,64.69834,153.0,32.20000076293945,7.800000190734863,32.79999923706055,50,yield,1.5412221144519884,0.4325756825197561
175,9.58,41.87,drip irrigation,Vegetable,Tomato,633.80585,1247.3824,4.2092156,24.318882,64.69834,153.0,32.20000076293945,7.800000190734863,32.79999923706055,50,yield,1.513094083414161,0.4141566162266228
175,9.58,41.87,drip irrigation,Vegetable,Tomato,633.80585,1247.3824,4.2092156,24.318882,64.69834,153.0,32.20000076293945,7.800000190734863,32.79999923706055,50,water use efficiency,2.0,0.6931471805599453
175,9.58,41.87,drip irrigation,Vegetable,Tomato,633.80585,1247.3824,4.2092156,24.318882,64.69834,153.0,32.20000076293945,7.800000190734863,32.79999923706055,50,water use efficiency,1.5,0.4054651081081644
175,9.58,41.87,drip irrigation,Vegetable,Tomato,633.80585,1247.3824,4.2092156,24.318882,64.69834,153.0,32.20000076293945,7.800000190734863,32.79999923706055,50,water use efficiency,1.8823529411764703,0.6325225587435105
175,9.58,41.87,drip irrigation,Vegetable,Tomato,633.80585,1247.3824,4.2092156,24.318882,64.69834,153.0,32.20000076293945,7.800000190734863,32.79999923706055,50,water use efficiency,1.7058823529411764,0.5340824859302579
182,9.27,40.16,drip irrigation,Cereal,Maize,573.29486,741.38635,0.14122142,26.123966,70.19496,90.0,20.700000762939453,7.700000286102295,31.600000381469727,40,yield,2.2465483234714005,0.8093949598559991
182,9.27,40.16,drip irrigation,Cereal,Maize,573.29486,741.38635,0.14122142,26.123966,70.19496,90.0,20.700000762939453,7.700000286102295,31.600000381469727,40,water use efficiency,2.0,0.6931471805599453
85,4.83,38.4,Exclosure,Cropland,Cropland,574.8091,1470.3069,4.0400867,20.527132,80.73197,153.0,24.5,6.599999904632568,28.5,20,runoff,0.4,-0.916290731874155
85,4.83,38.4,Exclosure,Cropland,Cropland,574.8091,1470.3069,4.0400867,20.527132,80.73197,153.0,24.5,6.599999904632568,28.5,20,runoff,0.6,-0.5108256237659907
85,4.83,38.4,Exclosure,Cropland,Cropland,574.8091,1470.3069,4.0400867,20.527132,80.73197,153.0,24.5,6.599999904632568,28.5,20,runoff,0.4444444444444444,-0.8109302162163288
85,4.83,38.4,Exclosure,Cropland,Cropland,574.8091,1470.3069,4.0400867,20.527132,80.73197,153.0,24.5,6.599999904632568,28.5,20,runoff,0.7111111111111111,-0.3409265869705932
85,4.83,38.4,Exclosure,Cropland,Cropland,574.8091,1470.3069,4.0400867,20.527132,80.73197,153.0,24.5,6.599999904632568,28.5,20,runoff,0.3333333333333333,-1.0986122886681098
85,4.83,38.4,Exclosure,Cereal,Teff,574.8091,1470.3069,4.0400867,20.527132,80.73197,153.0,24.5,6.599999904632568,28.5,20,yield,1.490566037735849,0.3991559389148996
85,4.81,38.31,Exclosure,Pulse,Common bean,580.879,1550.6063,5.816154,20.227343,77.72087,153.0,28.39999961853028,6.200000286102295,25.0,30,yield,4.666666666666667,1.540445040947149
85,4.81,38.31,Exclosure,Cereal,Sorghum,580.879,1550.6063,5.816154,20.227343,77.72087,153.0,28.39999961853028,6.200000286102295,25.0,30,yield,2.0,0.6931471805599453
85,4.81,38.31,Exclosure,Cereal,Maize,580.879,1550.6063,5.816154,20.227343,77.72087,153.0,28.39999961853028,6.200000286102295,25.0,30,yield,0.8235294117647058,-0.1941560144409575
187,6.06,37.6,furrow irrigation,Cereal,Maize,791.8011,1181.0151,0.63055426,22.986542,49.56761,275.0,31.80000114440918,6.900000095367432,44.0,30,yield,1.0224137931034485,0.0221662954572604
187,6.06,37.6,furrow irrigation,Cereal,Maize,791.8011,1181.0151,0.63055426,22.986542,49.56761,275.0,31.80000114440918,6.900000095367432,44.0,30,yield,1.0293103448275862,0.028889009852137
187,6.06,37.6,furrow irrigation,Cereal,Maize,791.8011,1181.0151,0.63055426,22.986542,49.56761,275.0,31.80000114440918,6.900000095367432,44.0,30,yield,0.8568965517241379,-0.1544380774438363
187,6.06,37.6,furrow irrigation,Cereal,Maize,791.8011,1181.0151,0.63055426,22.986542,49.56761,275.0,31.80000114440918,6.900000095367432,44.0,30,yield,0.9310344827586208,-0.0714589639821449
187,6.06,37.6,furrow irrigation,Cereal,Maize,791.8011,1181.0151,0.63055426,22.986542,49.56761,275.0,31.80000114440918,6.900000095367432,44.0,30,yield,1.0051724137931035,0.0051590828100274
187,6.06,37.6,furrow irrigation,Cereal,Maize,791.8011,1181.0151,0.63055426,22.986542,49.56761,275.0,31.80000114440918,6.900000095367432,44.0,30,yield,0.7637931034482759,-0.2694583334953293
187,6.06,37.6,furrow irrigation,Cereal,Maize,791.8011,1181.0151,0.63055426,22.986542,49.56761,275.0,31.80000114440918,6.900000095367432,44.0,30,yield,0.7879310344827586,-0.2383447126462603
187,6.06,37.6,furrow irrigation,Cereal,Maize,791.8011,1181.0151,0.63055426,22.986542,49.56761,275.0,31.80000114440918,6.900000095367432,44.0,30,yield,0.6327586206896552,-0.4576662554858948
187,6.06,37.6,furrow irrigation,Cereal,Maize,791.8011,1181.0151,0.63055426,22.986542,49.56761,275.0,31.80000114440918,6.900000095367432,44.0,30,yield,0.5982758620689655,-0.5137033235936058
187,6.06,37.6,furrow irrigation,Cereal,Maize,791.8011,1181.0151,0.63055426,22.986542,49.56761,275.0,31.80000114440918,6.900000095367432,44.0,30,yield,0.6379310344827587,-0.4495250979021948
187,6.06,37.6,furrow irrigation,Cereal,Maize,791.8011,1181.0151,0.63055426,22.986542,49.56761,275.0,31.80000114440918,6.900000095367432,44.0,30,yield,0.7293103448275862,-0.3156559244941871
187,6.06,37.6,furrow irrigation,Cereal,Maize,791.8011,1181.0151,0.63055426,22.986542,49.56761,275.0,31.80000114440918,6.900000095367432,44.0,30,water use efficiency,1.375,0.3184537311185346
187,6.06,37.6,furrow irrigation,Cereal,Maize,791.8011,1181.0151,0.63055426,22.986542,49.56761,275.0,31.80000114440918,6.900000095367432,44.0,30,water use efficiency,1.25,0.2231435513142097
187,6.06,37.6,furrow irrigation,Cereal,Maize,791.8011,1181.0151,0.63055426,22.986542,49.56761,275.0,31.80000114440918,6.900000095367432,44.0,30,water use efficiency,1.625,0.4855078157817008
187,6.06,37.6,furrow irrigation,Cereal,Maize,791.8011,1181.0151,0.63055426,22.986542,49.56761,275.0,31.80000114440918,6.900000095367432,44.0,30,water use efficiency,1.5,0.4054651081081644
187,6.06,37.6,furrow irrigation,Cereal,Maize,791.8011,1181.0151,0.63055426,22.986542,49.56761,275.0,31.80000114440918,6.900000095367432,44.0,30,water use efficiency,2.0,0.6931471805599453
187,6.06,37.6,furrow irrigation,Cereal,Maize,791.8011,1181.0151,0.63055426,22.986542,49.56761,275.0,31.80000114440918,6.900000095367432,44.0,30,water use efficiency,1.875,0.6286086594223741
187,6.06,37.6,furrow irrigation,Cereal,Maize,791.8011,1181.0151,0.63055426,22.986542,49.56761,275.0,31.80000114440918,6.900000095367432,44.0,30,water use efficiency,2.125,0.7537718023763802
189,9.52,41.85,furrow irrigation,Cereal,Maize,669.71735,1491.3828,10.906165,22.216185,64.559715,184.0,30.80000114440918,7.900000095367432,33.0,20,yield,0.4285714285714285,-0.8472978603872037
189,9.52,41.85,furrow irrigation,Cereal,Maize,669.71735,1491.3828,10.906165,22.216185,64.559715,184.0,30.80000114440918,7.900000095367432,33.0,20,yield,1.0,0.0
189,9.52,41.85,furrow irrigation,Cereal,Maize,669.71735,1491.3828,10.906165,22.216185,64.559715,184.0,30.80000114440918,7.900000095367432,33.0,20,yield,0.9714285714285714,-0.0289875368732523
189,9.52,41.85,furrow irrigation,Cereal,Maize,669.71735,1491.3828,10.906165,22.216185,64.559715,184.0,30.80000114440918,7.900000095367432,33.0,20,yield,0.8142857142857143,-0.2054439742148088
189,9.52,41.85,furrow irrigation,Cereal,Maize,669.71735,1491.3828,10.906165,22.216185,64.559715,184.0,30.80000114440918,7.900000095367432,33.0,20,yield,0.8428571428571429,-0.1709577981436395
189,9.52,41.85,furrow irrigation,Cereal,Maize,669.71735,1491.3828,10.906165,22.216185,64.559715,184.0,30.80000114440918,7.900000095367432,33.0,20,water use efficiency,1.7,0.5306282510621704
189,9.52,41.85,furrow irrigation,Cereal,Maize,669.71735,1491.3828,10.906165,22.216185,64.559715,184.0,30.80000114440918,7.900000095367432,33.0,20,water use efficiency,1.1,0.0953101798043249
189,9.52,41.85,furrow irrigation,Cereal,Maize,669.71735,1491.3828,10.906165,22.216185,64.559715,184.0,30.80000114440918,7.900000095367432,33.0,20,water use efficiency,1.2,0.1823215567939546
189,9.52,41.85,furrow irrigation,Cereal,Maize,669.71735,1491.3828,10.906165,22.216185,64.559715,184.0,30.80000114440918,7.900000095367432,33.0,20,water use efficiency,1.4,0.3364722366212129
12,13.09,38.95,In-situ water harvesting,Cropland,Cropland,701.9301,1622.9769,49.69336,23.389702,110.08712,92.0,24.600000381469727,7.5,32.0,30,runoff,0.4,-0.916290731874155
12,13.09,38.95,In-situ water harvesting,Cropland,Cropland,701.9301,1622.9769,49.69336,23.389702,110.08712,92.0,24.600000381469727,7.5,32.0,30,runoff,0.6666666666666666,-0.4054651081081644
24,8.66,39.43,In-situ water harvesting,Cereal,Maize,767.6319,1455.8497,1.0800745,20.921404,88.64855,214.0,33.79999923706055,7.900000095367432,21.39999961853028,50,yield,1.2174211248285325,0.1967347893409127
24,8.66,39.43,In-situ water harvesting,Cereal,Maize,767.6319,1455.8497,1.0800745,20.921404,88.64855,214.0,33.79999923706055,7.900000095367432,21.39999961853028,50,yield,1.162162162162162,0.1502822030493379
24,8.66,39.43,In-situ water harvesting,Cereal,Teff,767.6319,1455.8497,1.0800745,20.921404,88.64855,214.0,33.79999923706055,7.900000095367432,21.39999961853028,50,yield,1.1386243386243386,0.129820813227987
24,8.66,39.43,In-situ water harvesting,Cereal,Teff,767.6319,1455.8497,1.0800745,20.921404,88.64855,214.0,33.79999923706055,7.900000095367432,21.39999961853028,50,yield,1.4304267161410018,0.3579728026543323
32,11.73,39.83,In-situ water harvesting,Cereal,Sorghum,857.0166,1542.8754,10.156555,21.443245,85.71432,212.0,31.80000114440918,7.300000190734863,35.10000228881836,20,yield,1.163744871316673,0.1516431425675687
38,13.09,38.95,In-situ water harvesting,Cropland,Cropland,701.9301,1622.9769,49.69336,23.389702,110.08712,92.0,24.600000381469727,7.5,32.0,30,runoff,0.8,-0.2231435513142097
77,13.09,38.95,In-situ water harvesting,Cereal,Sorghum,701.9301,1622.9769,49.69336,23.389702,110.08712,92.0,24.600000381469727,7.5,32.0,30,yield,1.9391891891891893,0.662269941995506
111,8.66,39.43,In-situ water harvesting,Cropland,Cropland,767.6319,1455.8497,1.0800745,20.921404,88.64855,214.0,33.79999923706055,7.900000095367432,21.39999961853028,50,yield,1.2174211248285325,0.1967347893409127
111,8.66,39.43,In-situ water harvesting,Cropland,Cropland,767.6319,1455.8497,1.0800745,20.921404,88.64855,214.0,33.79999923706055,7.900000095367432,21.39999961853028,50,yield,1.162162162162162,0.1502822030493379
111,8.66,39.43,In-situ water harvesting,Cropland,Cropland,767.6319,1455.8497,1.0800745,20.921404,88.64855,214.0,33.79999923706055,7.900000095367432,21.39999961853028,50,yield,1.1386243386243386,0.129820813227987
111,8.66,39.43,In-situ water harvesting,Cropland,Cropland,767.6319,1455.8497,1.0800745,20.921404,88.64855,214.0,33.79999923706055,7.900000095367432,21.39999961853028,50,yield,1.4304267161410018,0.3579728026543323
139,9.54,40.39,ISFM,Cereal,Maize,599.5259,837.38605,2.2801952,25.516659,75.184456,90.0,24.200000762939453,7.800000190734863,38.70000076293945,20,yield,1.0,0.0
139,9.54,40.39,ISFM,Cereal,Maize,599.5259,837.38605,2.2801952,25.516659,75.184456,90.0,24.200000762939453,7.800000190734863,38.70000076293945,20,yield,1.4289424860853432,0.3569346504718114
139,9.54,40.39,ISFM,Cereal,Maize,599.5259,837.38605,2.2801952,25.516659,75.184456,90.0,24.200000762939453,7.800000190734863,38.70000076293945,20,yield,1.174025974025974,0.1604388455444469
139,9.54,40.39,ISFM,Cereal,Maize,599.5259,837.38605,2.2801952,25.516659,75.184456,90.0,24.200000762939453,7.800000190734863,38.70000076293945,20,yield,0.9591836734693876,-0.041672696400568
10,13.62,39.4,agronomic/biological SWCP,Cereal,Barley,643.84546,1759.201,1.8851097,21.467688,100.3791,92.0,25.30000114440918,7.400000095367432,23.600000381469727,40,soil loss,0.5,-0.6931471805599453
10,13.62,39.4,agronomic/biological SWCP,Cereal,Barley,643.84546,1759.201,1.8851097,21.467688,100.3791,92.0,25.30000114440918,7.400000095367432,23.600000381469727,40,runoff,0.7418300653594772,-0.2986350844709781
10,13.62,39.4,agronomic/biological SWCP,Cereal,Barley,643.84546,1759.201,1.8851097,21.467688,100.3791,92.0,25.30000114440918,7.400000095367432,23.600000381469727,40,SOM content,1.0,0.0
29,9.4,42.02,agronomic/biological SWCP,Cereal,Sorghum,746.8098,2007.2979,1.2474668,17.784643,66.80428,245.0,37.29999923706055,7.400000095367432,33.400001525878906,80,yield,1.4241293532338308,0.3535606468093736
33,8.42,39.34,agronomic/biological SWCP,Cereal,Sorghum,810.5444,1579.1532,2.5436015,19.682308,87.16584,214.0,27.0,7.800000190734863,28.100000381469727,40,yield,1.694675540765391,0.527491301131653
33,8.42,39.34,agronomic/biological SWCP,Cereal,Sorghum,810.5444,1579.1532,2.5436015,19.682308,87.16584,214.0,27.0,7.800000190734863,28.100000381469727,40,yield,1.9500831946755408,0.6678720356017503
33,8.42,39.34,agronomic/biological SWCP,Cereal,Sorghum,810.5444,1579.1532,2.5436015,19.682308,87.16584,214.0,27.0,7.800000190734863,28.100000381469727,40,yield,1.4568645640074211,0.3762865675097587
33,8.42,39.34,agronomic/biological SWCP,Cereal,Sorghum,810.5444,1579.1532,2.5436015,19.682308,87.16584,214.0,27.0,7.800000190734863,28.100000381469727,40,yield,1.792207792207792,0.5834482633035208
33,8.42,39.34,agronomic/biological SWCP,Cereal,Sorghum,810.5444,1579.1532,2.5436015,19.682308,87.16584,214.0,27.0,7.800000190734863,28.100000381469727,40,yield,1.2314814814814814,0.208217901097534
33,8.42,39.34,agronomic/biological SWCP,Cereal,Sorghum,810.5444,1579.1532,2.5436015,19.682308,87.16584,214.0,27.0,7.800000190734863,28.100000381469727,40,yield,1.4190672153635118,0.3499997651769396
34,9.35,42.79,agronomic/biological SWCP,Cropland,Cropland,636.94653,1657.4176,2.0450373,19.346144,66.55309,245.0,36.79999923706055,8.300000190734863,26.600000381469727,50,soil loss,0.4285714285714285,-0.8472978603872037
34,9.35,42.79,agronomic/biological SWCP,Cropland,Cropland,636.94653,1657.4176,2.0450373,19.346144,66.55309,245.0,36.79999923706055,8.300000190734863,26.600000381469727,50,soil loss,0.2857142857142857,-1.252762968495368
34,9.35,42.79,agronomic/biological SWCP,Cropland,Cropland,636.94653,1657.4176,2.0450373,19.346144,66.55309,245.0,36.79999923706055,8.300000190734863,26.600000381469727,50,soil loss,0.4285714285714285,-0.8472978603872037
44,9.4,42.02,agronomic/biological SWCP,Cereal,Sorghum,746.8098,2007.2979,1.2474668,17.784643,66.80428,245.0,37.29999923706055,7.400000095367432,33.400001525878906,80,yield,1.2752463054187193,0.2431393406739609
44,9.4,42.02,agronomic/biological SWCP,Cereal,Sorghum,746.8098,2007.2979,1.2474668,17.784643,66.80428,245.0,37.29999923706055,7.400000095367432,33.400001525878906,80,yield,1.3522167487684729,0.301745281907798
44,9.4,42.02,agronomic/biological SWCP,Cereal,Sorghum,746.8098,2007.2979,1.2474668,17.784643,66.80428,245.0,37.29999923706055,7.400000095367432,33.400001525878906,80,yield,1.3183497536945812,0.2763807678680595
44,9.4,42.02,agronomic/biological SWCP,Cereal,Sorghum,746.8098,2007.2979,1.2474668,17.784643,66.80428,245.0,37.29999923706055,7.400000095367432,33.400001525878906,80,yield,1.3282019704433496,0.283826125667533
36,12.33,39.5,agronomic/biological SWCP,Cropland,Cropland,836.2638,1849.1903,25.779623,20.916649,97.332855,184.0,25.600000381469727,7.0,29.39999961853028,20,runoff,0.41875,-0.8704811958428609
137,4.95,38.21,Animal feed management,Cereal,Maize,583.63495,1515.8524,0.06505986,20.354666,75.8256,183.0,27.5,6.5,30.600000381469727,40,yield,1.3333333333333333,0.2876820724517808
137,4.95,38.21,Animal feed management,Cereal,Maize,583.63495,1515.8524,0.06505986,20.354666,75.8256,183.0,27.5,6.5,30.600000381469727,40,yield,1.5,0.4054651081081644
137,4.95,38.21,Animal feed management,Cereal,Maize,583.63495,1515.8524,0.06505986,20.354666,75.8256,183.0,27.5,6.5,30.600000381469727,40,yield,1.25,0.2231435513142097
137,4.95,38.21,Animal feed management,Cereal,Maize,583.63495,1515.8524,0.06505986,20.354666,75.8256,183.0,27.5,6.5,30.600000381469727,40,yield,2.1666666666666665,0.7731898882334817
137,4.95,38.21,Animal feed management,Cereal,Maize,583.63495,1515.8524,0.06505986,20.354666,75.8256,183.0,27.5,6.5,30.600000381469727,40,yield,1.3333333333333333,0.2876820724517808
137,4.95,38.21,Animal feed management,Cereal,Maize,583.63495,1515.8524,0.06505986,20.354666,75.8256,183.0,27.5,6.5,30.600000381469727,40,yield,1.1111111111111112,0.1053605156578263
137,4.95,38.21,Animal feed management,Cereal,Maize,583.63495,1515.8524,0.06505986,20.354666,75.8256,183.0,27.5,6.5,30.600000381469727,40,yield,1.6,0.4700036292457356
137,4.95,38.21,Animal feed management,Cereal,Maize,583.63495,1515.8524,0.06505986,20.354666,75.8256,183.0,27.5,6.5,30.600000381469727,40,yield,2.5,0.9162907318741552
137,4.95,38.21,Animal feed management,Cereal,Maize,583.63495,1515.8524,0.06505986,20.354666,75.8256,183.0,27.5,6.5,30.600000381469727,40,yield,1.75,0.5596157879354227
137,4.95,38.21,Animal feed management,Cereal,Maize,583.63495,1515.8524,0.06505986,20.354666,75.8256,183.0,27.5,6.5,30.600000381469727,40,yield,1.0,0.0
137,4.95,38.21,Animal feed management,Cereal,Maize,583.63495,1515.8524,0.06505986,20.354666,75.8256,183.0,27.5,6.5,30.600000381469727,40,yield,1.3333333333333333,0.2876820724517808
137,4.95,38.21,Animal feed management,Cereal,Maize,583.63495,1515.8524,0.06505986,20.354666,75.8256,183.0,27.5,6.5,30.600000381469727,40,yield,2.0,0.6931471805599453
150,9.4,42.02,Animal feed management,Cereal,Maize,746.8098,2007.2979,1.2474668,17.784643,66.80428,245.0,37.29999923706055,7.400000095367432,33.400001525878906,80,yield,1.0264135369376806,0.0260707229868789
150,9.4,42.02,Animal feed management,Cereal,Maize,746.8098,2007.2979,1.2474668,17.784643,66.80428,245.0,37.29999923706055,7.400000095367432,33.400001525878906,80,yield,1.1477507222451506,0.1378041334174391
150,9.4,42.02,Animal feed management,Cereal,Maize,746.8098,2007.2979,1.2474668,17.784643,66.80428,245.0,37.29999923706055,7.400000095367432,33.400001525878906,80,yield,1.0631448617416426,0.0612313664077184
150,9.4,42.02,Animal feed management,Cereal,Maize,746.8098,2007.2979,1.2474668,17.784643,66.80428,245.0,37.29999923706055,7.400000095367432,33.400001525878906,80,yield,1.0870821295914157,0.0834971614867007
155,9.4,42.02,Animal feed management,Cereal,Maize,746.8098,2007.2979,1.2474668,17.784643,66.80428,245.0,37.29999923706055,7.400000095367432,33.400001525878906,80,yield,1.0396860008722195,0.0389187453273358
155,9.4,42.02,Animal feed management,Cereal,Maize,746.8098,2007.2979,1.2474668,17.784643,66.80428,245.0,37.29999923706055,7.400000095367432,33.400001525878906,80,yield,2.627906976744186,0.966187703018778
157,8.42,39.34,Animal feed management,Cereal,Maize,810.5444,1579.1532,2.5436015,19.682308,87.16584,214.0,27.0,7.800000190734863,28.100000381469727,40,runoff,1.4,0.3364722366212129
115,9.35,42.79,Biological SWC practices,Cropland,Cropland,636.94653,1657.4176,2.0450373,19.346144,66.55309,245.0,36.79999923706055,8.300000190734863,26.600000381469727,50,runoff,1.6666666666666667,0.5108256237659907
115,9.35,42.79,Biological SWC practices,Cropland,Cropland,636.94653,1657.4176,2.0450373,19.346144,66.55309,245.0,36.79999923706055,8.300000190734863,26.600000381469727,50,runoff,1.3333333333333333,0.2876820724517808
115,9.35,42.79,Biological SWC practices,Cropland,Cropland,636.94653,1657.4176,2.0450373,19.346144,66.55309,245.0,36.79999923706055,8.300000190734863,26.600000381469727,50,runoff,0.5833333333333334,-0.5389965007326869
115,9.35,42.79,Biological SWC practices,Cropland,Cropland,636.94653,1657.4176,2.0450373,19.346144,66.55309,245.0,36.79999923706055,8.300000190734863,26.600000381469727,50,runoff,0.0833333333333333,-2.4849066497880004
35,8.42,39.34,Conservation tillage,Cereal,Maize,810.5444,1579.1532,2.5436015,19.682308,87.16584,214.0,27.0,7.800000190734863,28.100000381469727,40,yield,1.1445887445887446,0.1350453974557376
35,8.42,39.34,Conservation tillage,Cereal,Maize,810.5444,1579.1532,2.5436015,19.682308,87.16584,214.0,27.0,7.800000190734863,28.100000381469727,40,yield,0.8848484848484849,-0.1223388521922441
35,8.42,39.34,Conservation tillage,Cereal,Maize,810.5444,1579.1532,2.5436015,19.682308,87.16584,214.0,27.0,7.800000190734863,28.100000381469727,40,yield,0.8077922077922078,-0.21345042210855
44,9.4,42.02,Conservation tillage,Cereal,Sorghum,746.8098,2007.2979,1.2474668,17.784643,66.80428,245.0,37.29999923706055,7.400000095367432,33.400001525878906,80,yield,1.35136815920398,0.301117530517518
44,9.4,42.02,Conservation tillage,Cereal,Sorghum,746.8098,2007.2979,1.2474668,17.784643,66.80428,245.0,37.29999923706055,7.400000095367432,33.400001525878906,80,yield,1.3805970149253732,0.3225160251274135
62,13.23,39.53,Conservation tillage,Cereal,Wheat,669.58093,2085.13,2.5110679,19.726734,109.52628,153.0,27.100000381469727,7.700000286102295,19.200000762939453,40,yield,1.326797385620915,0.2827680576493518
62,13.23,39.53,Conservation tillage,Cereal,Wheat,669.58093,2085.13,2.5110679,19.726734,109.52628,153.0,27.100000381469727,7.700000286102295,19.200000762939453,40,yield,1.287581699346405,0.2527658073455531
62,13.23,39.53,Conservation tillage,Cereal,Teff,669.58093,2085.13,2.5110679,19.726734,109.52628,153.0,27.100000381469727,7.700000286102295,19.200000762939453,40,yield,0.5811965811965812,-0.5426662296216493
62,13.23,39.53,Conservation tillage,Cereal,Teff,669.58093,2085.13,2.5110679,19.726734,109.52628,153.0,27.100000381469727,7.700000286102295,19.200000762939453,40,yield,0.7948717948717948,-0.2295744416445002
62,13.23,39.53,Conservation tillage,Cereal,Wheat,669.58093,2085.13,2.5110679,19.726734,109.52628,153.0,27.100000381469727,7.700000286102295,19.200000762939453,40,yield,1.588235294117647,0.4626235219481129
62,13.23,39.53,Conservation tillage,Cereal,Wheat,669.58093,2085.13,2.5110679,19.726734,109.52628,153.0,27.100000381469727,7.700000286102295,19.200000762939453,40,yield,1.2941176470588236,0.2578291093020998
62,13.23,39.53,Conservation tillage,Cereal,Wheat,669.58093,2085.13,2.5110679,19.726734,109.52628,153.0,27.100000381469727,7.700000286102295,19.200000762939453,40,yield,0.1625,-1.817077277212345
62,13.23,39.53,Conservation tillage,Cereal,Wheat,669.58093,2085.13,2.5110679,19.726734,109.52628,153.0,27.100000381469727,7.700000286102295,19.200000762939453,40,yield,1.1875,0.1718502569266592
62,13.23,39.53,Conservation tillage,Cereal,Teff,669.58093,2085.13,2.5110679,19.726734,109.52628,153.0,27.100000381469727,7.700000286102295,19.200000762939453,40,yield,1.0774647887323945,0.0746108637911746
62,13.23,39.53,Conservation tillage,Cereal,Teff,669.58093,2085.13,2.5110679,19.726734,109.52628,153.0,27.100000381469727,7.700000286102295,19.200000762939453,40,yield,10.915492957746478,2.3901831523120314
62,13.23,39.53,Conservation tillage,Pulse,Grass pea,669.58093,2085.13,2.5110679,19.726734,109.52628,153.0,27.100000381469727,7.700000286102295,19.200000762939453,40,yield,13.435114503816791,2.5978717648310456
62,13.23,39.53,Conservation tillage,Pulse,Grass pea,669.58093,2085.13,2.5110679,19.726734,109.52628,153.0,27.100000381469727,7.700000286102295,19.200000762939453,40,yield,12.67175572519084,2.539375558149437
62,13.23,39.53,Conservation tillage,Cereal,Teff,669.58093,2085.13,2.5110679,19.726734,109.52628,153.0,27.100000381469727,7.700000286102295,19.200000762939453,40,yield,1.5279503105590062,0.4239271709478998
62,13.23,39.53,Conservation tillage,Cereal,Teff,669.58093,2085.13,2.5110679,19.726734,109.52628,153.0,27.100000381469727,7.700000286102295,19.200000762939453,40,yield,1.2546583850931676,0.2268633324167417
62,13.23,39.53,Conservation tillage,Cereal,Wheat,669.58093,2085.13,2.5110679,19.726734,109.52628,153.0,27.100000381469727,7.700000286102295,19.200000762939453,40,yield,0.8527131782945736,-0.1593320385692559
62,13.23,39.53,Conservation tillage,Cereal,Wheat,669.58093,2085.13,2.5110679,19.726734,109.52628,153.0,27.100000381469727,7.700000286102295,19.200000762939453,40,yield,0.9612403100775194,-0.0395308387566352
62,13.23,39.53,Conservation tillage,Mixed cropping,Mixed,669.58093,2085.13,2.5110679,19.726734,109.52628,153.0,27.100000381469727,7.700000286102295,19.200000762939453,40,yield,1.303030303030303,0.2646925542270821
62,13.23,39.53,Conservation tillage,Mixed cropping,Mixed,669.58093,2085.13,2.5110679,19.726734,109.52628,153.0,27.100000381469727,7.700000286102295,19.200000762939453,40,yield,1.1666666666666667,0.1541506798272583
84,13.25,39.52,Conservation tillage,Cereal,Wheat,668.83936,2092.96,1.011195,19.68991,110.81612,153.0,26.200000762939453,7.700000286102295,20.30000114440918,40,soil loss,0.5704225352112676,-0.561377902928822
84,13.25,39.52,Conservation tillage,Pulse,Faba bean,668.83936,2092.96,1.011195,19.68991,110.81612,153.0,26.200000762939453,7.700000286102295,20.30000114440918,40,yield,1.0,0.0
84,13.25,39.52,Conservation tillage,Pulse,Faba bean,668.83936,2092.96,1.011195,19.68991,110.81612,153.0,26.200000762939453,7.700000286102295,20.30000114440918,40,soil loss,0.3924050632911392,-0.9354606479818752
84,13.25,39.52,Conservation tillage,Pulse,Faba bean,668.83936,2092.96,1.011195,19.68991,110.81612,153.0,26.200000762939453,7.700000286102295,20.30000114440918,40,yield,1.2578947368421052,0.2294394797710244
90,13.25,39.52,Conservation tillage,Cereal,Teff,668.83936,2092.96,1.011195,19.68991,110.81612,153.0,26.200000762939453,7.700000286102295,20.30000114440918,40,yield,0.6842105263157895,-0.3794896217049037
90,13.25,39.52,Conservation tillage,Cereal,Teff,668.83936,2092.96,1.011195,19.68991,110.81612,153.0,26.200000762939453,7.700000286102295,20.30000114440918,40,soil loss,0.2569832402234637,-1.35874440935166
90,13.25,39.52,Conservation tillage,Cereal,Teff,668.83936,2092.96,1.011195,19.68991,110.81612,153.0,26.200000762939453,7.700000286102295,20.30000114440918,40,yield,0.9228070175438596,-0.0803351480908859
110,13.25,39.52,Conservation tillage,Cereal,Teff,668.83936,2092.96,1.011195,19.68991,110.81612,153.0,26.200000762939453,7.700000286102295,20.30000114440918,40,soil loss,0.0893854748603352,-2.414797083600974
110,13.25,39.52,Conservation tillage,Cereal,Wheat,668.83936,2092.96,1.011195,19.68991,110.81612,153.0,26.200000762939453,7.700000286102295,20.30000114440918,40,yield,1.0252100840336134,0.024897551621727
110,13.25,39.52,Conservation tillage,Cereal,Wheat,668.83936,2092.96,1.011195,19.68991,110.81612,153.0,26.200000762939453,7.700000286102295,20.30000114440918,40,soil loss,0.6338028169014085,-0.4560173872709956
110,13.25,39.52,Conservation tillage,Cereal,Wheat,668.83936,2092.96,1.011195,19.68991,110.81612,153.0,26.200000762939453,7.700000286102295,20.30000114440918,40,yield,1.2050420168067226,0.1865144350539905
122,8.4,39.33,Conservation tillage,Cropland,Cropland,804.38,1547.751,2.3030822,19.725067,86.6097,214.0,35.29999923706055,7.599999904632568,29.5,50,yield,0.897196261682243,-0.1084806429940699
157,8.42,39.34,Conservation tillage,Cereal,Maize,810.5444,1579.1532,2.5436015,19.682308,87.16584,214.0,27.0,7.800000190734863,28.100000381469727,40,runoff,1.8,0.5877866649021191
157,8.42,39.34,Conservation tillage,Cereal,Maize,810.5444,1579.1532,2.5436015,19.682308,87.16584,214.0,27.0,7.800000190734863,28.100000381469727,40,runoff,1.8333333333333333,0.6061358035703155
157,8.42,39.34,Conservation tillage,Cereal,Maize,810.5444,1579.1532,2.5436015,19.682308,87.16584,214.0,27.0,7.800000190734863,28.100000381469727,40,runoff,1.5494505494505495,0.4379003838613182
157,8.42,39.34,Conservation tillage,Cereal-Legume,Maize-bean intercrop,810.5444,1579.1532,2.5436015,19.682308,87.16584,214.0,27.0,7.800000190734863,28.100000381469727,40,runoff,1.324675324675325,0.2811673914305872
132,12.62,39.03,Deficit irrigation,Vegetable,Onion,784.10364,2276.1174,4.6892953,18.304222,110.25248,183.0,28.600000381469727,7.200000286102295,29.89999961853028,50,yield,1.0,0.0
132,12.62,39.03,Deficit irrigation,Vegetable,Onion,784.10364,2276.1174,4.6892953,18.304222,110.25248,183.0,28.600000381469727,7.200000286102295,29.89999961853028,50,yield,0.22,-1.5141277326297755
132,12.62,39.03,Deficit irrigation,Vegetable,Onion,784.10364,2276.1174,4.6892953,18.304222,110.25248,183.0,28.600000381469727,7.200000286102295,29.89999961853028,50,yield,0.96,-0.0408219945202551
132,12.62,39.03,Deficit irrigation,Vegetable,Onion,784.10364,2276.1174,4.6892953,18.304222,110.25248,183.0,28.600000381469727,7.200000286102295,29.89999961853028,50,yield,0.832,-0.1839228381609285
132,12.62,39.03,Deficit irrigation,Vegetable,Onion,784.10364,2276.1174,4.6892953,18.304222,110.25248,183.0,28.600000381469727,7.200000286102295,29.89999961853028,50,yield,0.7,-0.3566749439387324
132,12.62,39.03,Deficit irrigation,Vegetable,Onion,784.10364,2276.1174,4.6892953,18.304222,110.25248,183.0,28.600000381469727,7.200000286102295,29.89999961853028,50,yield,0.956,-0.0449973659307358
132,12.62,39.03,Deficit irrigation,Vegetable,Onion,784.10364,2276.1174,4.6892953,18.304222,110.25248,183.0,28.600000381469727,7.200000286102295,29.89999961853028,50,yield,0.552,-0.5942072327050416
132,12.62,39.03,Deficit irrigation,Vegetable,Onion,784.10364,2276.1174,4.6892953,18.304222,110.25248,183.0,28.600000381469727,7.200000286102295,29.89999961853028,50,yield,0.852,-0.1601687521528213
132,12.62,39.03,Deficit irrigation,Vegetable,Onion,784.10364,2276.1174,4.6892953,18.304222,110.25248,183.0,28.600000381469727,7.200000286102295,29.89999961853028,50,water use efficiency,1.0,0.0
132,12.62,39.03,Deficit irrigation,Vegetable,Onion,784.10364,2276.1174,4.6892953,18.304222,110.25248,183.0,28.600000381469727,7.200000286102295,29.89999961853028,50,water use efficiency,0.8888888888888888,-0.1177830356563835
132,12.62,39.03,Deficit irrigation,Vegetable,Onion,784.10364,2276.1174,4.6892953,18.304222,110.25248,183.0,28.600000381469727,7.200000286102295,29.89999961853028,50,water use efficiency,1.1111111111111112,0.1053605156578263
132,12.62,39.03,Deficit irrigation,Vegetable,Onion,784.10364,2276.1174,4.6892953,18.304222,110.25248,183.0,28.600000381469727,7.200000286102295,29.89999961853028,50,water use efficiency,1.1111111111111112,0.1053605156578263
132,12.62,39.03,Deficit irrigation,Vegetable,Onion,784.10364,2276.1174,4.6892953,18.304222,110.25248,183.0,28.600000381469727,7.200000286102295,29.89999961853028,50,water use efficiency,1.0,0.0
132,12.62,39.03,Deficit irrigation,Vegetable,Onion,784.10364,2276.1174,4.6892953,18.304222,110.25248,183.0,28.600000381469727,7.200000286102295,29.89999961853028,50,water use efficiency,1.1111111111111112,0.1053605156578263
132,12.62,39.03,Deficit irrigation,Vegetable,Onion,784.10364,2276.1174,4.6892953,18.304222,110.25248,183.0,28.600000381469727,7.200000286102295,29.89999961853028,50,water use efficiency,1.1111111111111112,0.1053605156578263
132,12.62,39.03,Deficit irrigation,Vegetable,Onion,784.10364,2276.1174,4.6892953,18.304222,110.25248,183.0,28.600000381469727,7.200000286102295,29.89999961853028,50,water use efficiency,2.333333333333333,0.8472978603872037
132,12.62,39.03,Deficit irrigation,Vegetable,Onion,784.10364,2276.1174,4.6892953,18.304222,110.25248,183.0,28.600000381469727,7.200000286102295,29.89999961853028,50,water use efficiency,1.0,0.0
132,12.62,39.03,Deficit irrigation,Vegetable,Onion,784.10364,2276.1174,4.6892953,18.304222,110.25248,183.0,28.600000381469727,7.200000286102295,29.89999961853028,50,water use efficiency,0.6666666666666666,-0.4054651081081644
132,12.62,39.03,Deficit irrigation,Vegetable,Onion,784.10364,2276.1174,4.6892953,18.304222,110.25248,183.0,28.600000381469727,7.200000286102295,29.89999961853028,50,water use efficiency,0.6666666666666666,-0.4054651081081644
132,12.62,39.03,Deficit irrigation,Vegetable,Onion,784.10364,2276.1174,4.6892953,18.304222,110.25248,183.0,28.600000381469727,7.200000286102295,29.89999961853028,50,water use efficiency,0.6666666666666666,-0.4054651081081644
132,12.62,39.03,Deficit irrigation,Vegetable,Onion,784.10364,2276.1174,4.6892953,18.304222,110.25248,183.0,28.600000381469727,7.200000286102295,29.89999961853028,50,water use efficiency,0.3333333333333333,-1.0986122886681098
132,12.62,39.03,Deficit irrigation,Vegetable,Onion,784.10364,2276.1174,4.6892953,18.304222,110.25248,183.0,28.600000381469727,7.200000286102295,29.89999961853028,50,water use efficiency,0.6666666666666666,-0.4054651081081644
162,8.42,39.34,Deficit irrigation,Cereal,Teff,810.5444,1579.1532,2.5436015,19.682308,87.16584,214.0,27.0,7.800000190734863,28.100000381469727,40,yield,1.0,0.0
162,8.42,39.34,Deficit irrigation,Cereal,Teff,810.5444,1579.1532,2.5436015,19.682308,87.16584,214.0,27.0,7.800000190734863,28.100000381469727,40,yield,1.12,0.1133286853070032
162,8.42,39.34,Deficit irrigation,Cereal,Teff,810.5444,1579.1532,2.5436015,19.682308,87.16584,214.0,27.0,7.800000190734863,28.100000381469727,40,yield,0.4,-0.916290731874155
162,8.42,39.34,Deficit irrigation,Cereal,Teff,810.5444,1579.1532,2.5436015,19.682308,87.16584,214.0,27.0,7.800000190734863,28.100000381469727,40,yield,0.2,-1.6094379124341005
162,8.42,39.34,Deficit irrigation,Cereal,Teff,810.5444,1579.1532,2.5436015,19.682308,87.16584,214.0,27.0,7.800000190734863,28.100000381469727,40,yield,0.6,-0.5108256237659907
162,8.42,39.34,Deficit irrigation,Cereal,Teff,810.5444,1579.1532,2.5436015,19.682308,87.16584,214.0,27.0,7.800000190734863,28.100000381469727,40,yield,1.0,0.0
162,8.42,39.34,Deficit irrigation,Cereal,Teff,810.5444,1579.1532,2.5436015,19.682308,87.16584,214.0,27.0,7.800000190734863,28.100000381469727,40,yield,1.1,0.0953101798043249
162,8.42,39.34,Deficit irrigation,Cereal,Teff,810.5444,1579.1532,2.5436015,19.682308,87.16584,214.0,27.0,7.800000190734863,28.100000381469727,40,yield,0.68,-0.3856624808119846
162,8.42,39.34,Deficit irrigation,Cereal,Teff,810.5444,1579.1532,2.5436015,19.682308,87.16584,214.0,27.0,7.800000190734863,28.100000381469727,40,yield,0.8,-0.2231435513142097
162,8.42,39.34,Deficit irrigation,Cereal,Teff,810.5444,1579.1532,2.5436015,19.682308,87.16584,214.0,27.0,7.800000190734863,28.100000381469727,40,yield,1.0,0.0
162,8.42,39.34,Deficit irrigation,Cereal,Teff,810.5444,1579.1532,2.5436015,19.682308,87.16584,214.0,27.0,7.800000190734863,28.100000381469727,40,yield,0.4,-0.916290731874155
162,8.42,39.34,Deficit irrigation,Cereal,Teff,810.5444,1579.1532,2.5436015,19.682308,87.16584,214.0,27.0,7.800000190734863,28.100000381469727,40,yield,0.5,-0.6931471805599453
162,8.42,39.34,Deficit irrigation,Cereal,Teff,810.5444,1579.1532,2.5436015,19.682308,87.16584,214.0,27.0,7.800000190734863,28.100000381469727,40,yield,0.72,-0.3285040669720361
162,8.42,39.34,Deficit irrigation,Cereal,Teff,810.5444,1579.1532,2.5436015,19.682308,87.16584,214.0,27.0,7.800000190734863,28.100000381469727,40,yield,0.872,-0.1369658550731574
162,8.42,39.34,Deficit irrigation,Cereal,Teff,810.5444,1579.1532,2.5436015,19.682308,87.16584,214.0,27.0,7.800000190734863,28.100000381469727,40,yield,0.9,-0.1053605156578262
162,8.42,39.34,Deficit irrigation,Cereal,Teff,810.5444,1579.1532,2.5436015,19.682308,87.16584,214.0,27.0,7.800000190734863,28.100000381469727,40,yield,1.08,0.0769610411361284
173,8.4,39.35,Deficit irrigation,Vegetable,Onion,792.0981,1568.0726,3.3560696,19.924433,86.65151,214.0,28.39999961853028,7.599999904632568,28.80000114440918,20,water use efficiency,1.0,0.0
173,8.4,39.35,Deficit irrigation,Vegetable,Onion,792.0981,1568.0726,3.3560696,19.924433,86.65151,214.0,28.39999961853028,7.599999904632568,28.80000114440918,20,water use efficiency,1.0,0.0
173,8.4,39.35,Deficit irrigation,Vegetable,Onion,792.0981,1568.0726,3.3560696,19.924433,86.65151,214.0,28.39999961853028,7.599999904632568,28.80000114440918,20,water use efficiency,1.0,0.0
173,8.4,39.35,Deficit irrigation,Vegetable,Onion,792.0981,1568.0726,3.3560696,19.924433,86.65151,214.0,28.39999961853028,7.599999904632568,28.80000114440918,20,water use efficiency,1.0,0.0
173,8.4,39.35,Deficit irrigation,Vegetable,Onion,792.0981,1568.0726,3.3560696,19.924433,86.65151,214.0,28.39999961853028,7.599999904632568,28.80000114440918,20,water use efficiency,1.0,0.0
181,12.68,39.0,Deficit irrigation,Vegetable,Onion,791.38184,2117.2043,18.160414,19.489597,110.49328,183.0,35.0,7.300000190734863,28.100000381469727,30,yield,0.22,-1.5141277326297755
181,12.68,39.0,Deficit irrigation,Vegetable,Onion,791.38184,2117.2043,18.160414,19.489597,110.49328,183.0,35.0,7.300000190734863,28.100000381469727,30,yield,0.96,-0.0408219945202551
181,12.68,39.0,Deficit irrigation,Vegetable,Onion,791.38184,2117.2043,18.160414,19.489597,110.49328,183.0,35.0,7.300000190734863,28.100000381469727,30,yield,0.832,-0.1839228381609285
181,12.68,39.0,Deficit irrigation,Vegetable,Onion,791.38184,2117.2043,18.160414,19.489597,110.49328,183.0,35.0,7.300000190734863,28.100000381469727,30,yield,0.7,-0.3566749439387324
181,12.68,39.0,Deficit irrigation,Vegetable,Onion,791.38184,2117.2043,18.160414,19.489597,110.49328,183.0,35.0,7.300000190734863,28.100000381469727,30,yield,0.956,-0.0449973659307358
181,12.68,39.0,Deficit irrigation,Vegetable,Onion,791.38184,2117.2043,18.160414,19.489597,110.49328,183.0,35.0,7.300000190734863,28.100000381469727,30,yield,0.552,-0.5942072327050416
181,12.68,39.0,Deficit irrigation,Vegetable,Onion,791.38184,2117.2043,18.160414,19.489597,110.49328,183.0,35.0,7.300000190734863,28.100000381469727,30,yield,0.852,-0.1601687521528213
181,12.68,39.0,Deficit irrigation,Vegetable,Onion,791.38184,2117.2043,18.160414,19.489597,110.49328,183.0,35.0,7.300000190734863,28.100000381469727,30,water use efficiency,0.8888888888888888,-0.1177830356563835
181,12.68,39.0,Deficit irrigation,Vegetable,Onion,791.38184,2117.2043,18.160414,19.489597,110.49328,183.0,35.0,7.300000190734863,28.100000381469727,30,water use efficiency,1.1111111111111112,0.1053605156578263
181,12.68,39.0,Deficit irrigation,Vegetable,Onion,791.38184,2117.2043,18.160414,19.489597,110.49328,183.0,35.0,7.300000190734863,28.100000381469727,30,water use efficiency,1.0,0.0
183,12.68,39.0,Deficit irrigation,Pulse,Mungbean,791.38184,2117.2043,18.160414,19.489597,110.49328,183.0,35.0,7.300000190734863,28.100000381469727,30,yield,0.3601756954612006,-1.0211633236384272
183,12.68,39.0,Deficit irrigation,Pulse,Mungbean,791.38184,2117.2043,18.160414,19.489597,110.49328,183.0,35.0,7.300000190734863,28.100000381469727,30,yield,0.9546120058565154,-0.046450297644137
183,12.68,39.0,Deficit irrigation,Pulse,Mungbean,791.38184,2117.2043,18.160414,19.489597,110.49328,183.0,35.0,7.300000190734863,28.100000381469727,30,yield,0.9224011713030746,-0.0807750401852117
183,12.68,39.0,Deficit irrigation,Pulse,Mungbean,791.38184,2117.2043,18.160414,19.489597,110.49328,183.0,35.0,7.300000190734863,28.100000381469727,30,yield,0.7510980966325037,-0.2862190144000204
183,12.68,39.0,Deficit irrigation,Pulse,Mungbean,791.38184,2117.2043,18.160414,19.489597,110.49328,183.0,35.0,7.300000190734863,28.100000381469727,30,yield,0.9407027818448024,-0.0611280428014151
183,12.68,39.0,Deficit irrigation,Pulse,Mungbean,791.38184,2117.2043,18.160414,19.489597,110.49328,183.0,35.0,7.300000190734863,28.100000381469727,30,yield,0.6603221083455344,-0.4150275200681117
183,12.68,39.0,Deficit irrigation,Pulse,Mungbean,791.38184,2117.2043,18.160414,19.489597,110.49328,183.0,35.0,7.300000190734863,28.100000381469727,30,yield,0.931185944363104,-0.0712962962306679
185,8.42,39.34,Deficit irrigation,Cereal,Maize,810.5444,1579.1532,2.5436015,19.682308,87.16584,214.0,27.0,7.800000190734863,28.100000381469727,40,yield,0.537187405519803,-0.6214082592843502
185,8.42,39.34,Deficit irrigation,Cereal,Maize,810.5444,1579.1532,2.5436015,19.682308,87.16584,214.0,27.0,7.800000190734863,28.100000381469727,40,yield,0.6306094242646741,-0.4610685870658286
185,8.42,39.34,Deficit irrigation,Cereal,Maize,810.5444,1579.1532,2.5436015,19.682308,87.16584,214.0,27.0,7.800000190734863,28.100000381469727,40,yield,0.6493758908132855,-0.431743545328569
185,8.42,39.34,Deficit irrigation,Cereal,Maize,810.5444,1579.1532,2.5436015,19.682308,87.16584,214.0,27.0,7.800000190734863,28.100000381469727,40,yield,0.6336111950935084,-0.456319769614171
185,8.42,39.34,Deficit irrigation,Cereal,Maize,810.5444,1579.1532,2.5436015,19.682308,87.16584,214.0,27.0,7.800000190734863,28.100000381469727,40,yield,0.6551634777350668,-0.4228704901595259
176,14.13,38.75,drip irrigation,Vegetable,Onion,664.4929,2148.6655,3.5168715,18.180262,131.37038,122.0,30.80000114440918,7.599999904632568,17.30000114440918,40,yield,1.4893617021276595,0.3983476403393003
176,14.13,38.75,drip irrigation,Vegetable,Onion,664.4929,2148.6655,3.5168715,18.180262,131.37038,122.0,30.80000114440918,7.599999904632568,17.30000114440918,40,yield,1.2393617021276595,0.2145964907357513
176,14.13,38.75,drip irrigation,Vegetable,Onion,664.4929,2148.6655,3.5168715,18.180262,131.37038,122.0,30.80000114440918,7.599999904632568,17.30000114440918,40,yield,0.9627659574468084,-0.0379449315641234
176,14.13,38.75,drip irrigation,Vegetable,Onion,664.4929,2148.6655,3.5168715,18.180262,131.37038,122.0,30.80000114440918,7.599999904632568,17.30000114440918,40,water use efficiency,2.1515151515151514,0.7661723155748351
176,14.13,38.75,drip irrigation,Vegetable,Onion,664.4929,2148.6655,3.5168715,18.180262,131.37038,122.0,30.80000114440918,7.599999904632568,17.30000114440918,40,water use efficiency,2.212121212121212,0.7939518796819108
176,14.13,38.75,drip irrigation,Vegetable,Onion,664.4929,2148.6655,3.5168715,18.180262,131.37038,122.0,30.80000114440918,7.599999904632568,17.30000114440918,40,water use efficiency,2.303030303030303,0.8342257788198509
69,8.4,39.35,Drought tolerrant crops,Cereal,Maize,792.0981,1568.0726,3.3560696,19.924433,86.65151,214.0,28.39999961853028,7.599999904632568,28.80000114440918,20,yield,1.5313778990450204,0.4261679177297578
69,8.4,39.35,Drought tolerrant crops,Cereal,Maize,792.0981,1568.0726,3.3560696,19.924433,86.65151,214.0,28.39999961853028,7.599999904632568,28.80000114440918,20,yield,1.4645293315143246,0.3815339154321842
69,8.4,39.35,Drought tolerrant crops,Cereal,Maize,792.0981,1568.0726,3.3560696,19.924433,86.65151,214.0,28.39999961853028,7.599999904632568,28.80000114440918,20,yield,1.4024556616643928,0.3382247441284589
85,4.79,38.46,Exclosure,Forest-Woody,Woodland,592.6369,1539.6411,1.990393,20.202953,80.9645,153.0,29.600000381469727,6.599999904632568,30.0,30,runoff,0.8888888888888888,-0.1177830356563835
85,4.79,38.46,Exclosure,Forest-Woody,Woodland,592.6369,1539.6411,1.990393,20.202953,80.9645,153.0,29.600000381469727,6.599999904632568,30.0,30,soil loss,1.4666666666666666,0.3829922522561057
85,4.79,38.46,Exclosure,Forest-Woody,Woodland,592.6369,1539.6411,1.990393,20.202953,80.9645,153.0,29.600000381469727,6.599999904632568,30.0,30,soil loss,1.0,0.0
85,4.79,38.46,Exclosure,Forest-Woody,Woodland,592.6369,1539.6411,1.990393,20.202953,80.9645,153.0,29.600000381469727,6.599999904632568,30.0,30,soil loss,1.1111111111111112,0.1053605156578263
85,4.79,38.46,Exclosure,Forest-Woody,Woodland,592.6369,1539.6411,1.990393,20.202953,80.9645,153.0,29.600000381469727,6.599999904632568,30.0,30,soil loss,1.0,0.0
85,4.79,38.46,Exclosure,Forest-Woody,Woodland,592.6369,1539.6411,1.990393,20.202953,80.9645,153.0,29.600000381469727,6.599999904632568,30.0,30,soil loss,1.625,0.4855078157817008
85,4.82,38.26,Exclosure,Forest-Woody,Woodland,605.763,1614.3688,5.3557696,19.820536,75.676094,183.0,32.29999923706055,6.300000190734863,23.89999961853028,30,runoff,0.3333333333333333,-1.0986122886681098
85,4.82,38.26,Exclosure,Cropland,Cropland,605.763,1614.3688,5.3557696,19.820536,75.676094,183.0,32.29999923706055,6.300000190734863,23.89999961853028,30,soil loss,0.2,-1.6094379124341005
85,4.82,38.26,Exclosure,Cropland,Cropland,605.763,1614.3688,5.3557696,19.820536,75.676094,183.0,32.29999923706055,6.300000190734863,23.89999961853028,30,soil loss,0.4,-0.916290731874155
85,4.83,38.27,Exclosure,Pulse,Chickpea,591.77454,1562.0675,3.333514,20.051916,76.60324,183.0,31.700000762939453,6.5,24.100000381469727,20,yield,1.793103448275862,0.5839478885949534
85,4.86,38.27,Exclosure,Cropland,Cropland,590.1791,1547.9685,2.6825027,20.12591,76.50137,183.0,34.70000076293945,6.200000286102295,23.100000381469727,20,soil loss,0.7368421052631579,-0.3053816495511819
85,4.86,38.27,Exclosure,Cropland,Cropland,590.1791,1547.9685,2.6825027,20.12591,76.50137,183.0,34.70000076293945,6.200000286102295,23.100000381469727,20,yield,1.537037037037037,0.4298565612323235
85,4.86,38.27,Exclosure,Cropland,Cropland,590.1791,1547.9685,2.6825027,20.12591,76.50137,183.0,34.70000076293945,6.200000286102295,23.100000381469727,20,yield,1.1130136986301369,0.1070713800614556
85,4.83,38.24,Exclosure,Cereal,Maize,616.0871,1633.4181,2.9766903,19.667065,74.30388,183.0,33.0,6.300000190734863,26.200000762939453,40,yield,1.0,0.0
85,4.83,38.24,Exclosure,Cereal,Maize,616.0871,1633.4181,2.9766903,19.667065,74.30388,183.0,33.0,6.300000190734863,26.200000762939453,40,runoff,0.1774193548387097,-1.729239112246721
85,4.83,38.24,Exclosure,Cereal,Barley,616.0871,1633.4181,2.9766903,19.667065,74.30388,183.0,33.0,6.300000190734863,26.200000762939453,40,yield,1.0,0.0
85,4.83,38.24,Exclosure,Cereal,Barley,616.0871,1633.4181,2.9766903,19.667065,74.30388,183.0,33.0,6.300000190734863,26.200000762939453,40,soil loss,0.2727272727272727,-1.2992829841302609
85,4.83,38.24,Exclosure,Cereal,Barley,616.0871,1633.4181,2.9766903,19.667065,74.30388,183.0,33.0,6.300000190734863,26.200000762939453,40,runoff,0.4618320610687023,-0.7725539581643558
85,4.79,38.33,Exclosure,Cropland,Cropland,579.3837,1540.0144,2.1738198,20.248209,78.57662,153.0,27.100000381469727,6.300000190734863,25.80000114440918,30,runoff,0.0833333333333333,-2.4849066497880004
85,4.79,38.33,Exclosure,Cereal,Maize,579.3837,1540.0144,2.1738198,20.248209,78.57662,153.0,27.100000381469727,6.300000190734863,25.80000114440918,30,yield,1.0442374854481955,0.0432869400745406
109,13.61,39.22,Exclosure,Cropland,Cropland,646.0711,2121.9402,12.589704,19.241024,120.51341,122.0,32.0,7.700000286102295,31.5,40,soil loss,0.8970588235294118,-0.1086338410027954
186,8.42,39.34,furrow irrigation,Cereal,Wheat,810.5444,1579.1532,2.5436015,19.682308,87.16584,214.0,27.0,7.800000190734863,28.100000381469727,40,yield,0.965123930686554,-0.0354987603070888
186,8.42,39.34,furrow irrigation,Cereal,Wheat,810.5444,1579.1532,2.5436015,19.682308,87.16584,214.0,27.0,7.800000190734863,28.100000381469727,40,yield,0.9238868172844922,-0.0791657069595753
186,8.42,39.34,furrow irrigation,Cereal,Wheat,810.5444,1579.1532,2.5436015,19.682308,87.16584,214.0,27.0,7.800000190734863,28.100000381469727,40,yield,0.8381223952621188,-0.1765911327665415
186,8.42,39.34,furrow irrigation,Cereal,Wheat,810.5444,1579.1532,2.5436015,19.682308,87.16584,214.0,27.0,7.800000190734863,28.100000381469727,40,yield,0.8028076332529064,-0.2196401538180294
186,8.42,39.34,furrow irrigation,Cereal,Wheat,810.5444,1579.1532,2.5436015,19.682308,87.16584,214.0,27.0,7.800000190734863,28.100000381469727,40,yield,0.6933538056591357,-0.3662148679978237
186,8.42,39.34,furrow irrigation,Cereal,Wheat,810.5444,1579.1532,2.5436015,19.682308,87.16584,214.0,27.0,7.800000190734863,28.100000381469727,40,yield,0.5964027198947137,-0.5168391355809707
7,13.61,39.22,In-situ water harvesting,Cereal,Wheat,646.0711,2121.9402,12.589704,19.241024,120.51341,122.0,32.0,7.700000286102295,31.5,40,yield,1.15625,0.1451820098444979
7,13.61,39.22,In-situ water harvesting,Cereal,Wheat,646.0711,2121.9402,12.589704,19.241024,120.51341,122.0,32.0,7.700000286102295,31.5,40,soil loss,0.5384615384615384,-0.6190392084062235
10,13.62,39.4,In-situ water harvesting,Cereal,Barley,643.84546,1759.201,1.8851097,21.467688,100.3791,92.0,25.30000114440918,7.400000095367432,23.600000381469727,40,yield,0.9326241134751772,-0.069753038760349
10,13.62,39.4,In-situ water harvesting,Cereal,Barley,643.84546,1759.201,1.8851097,21.467688,100.3791,92.0,25.30000114440918,7.400000095367432,23.600000381469727,40,yield,0.926829268292683,-0.0759859069779219
10,13.62,39.4,In-situ water harvesting,Cereal,Barley,643.84546,1759.201,1.8851097,21.467688,100.3791,92.0,25.30000114440918,7.400000095367432,23.600000381469727,40,soil loss,0.5454545454545454,-0.6061358035703156
10,13.62,39.4,In-situ water harvesting,Cereal,Barley,643.84546,1759.201,1.8851097,21.467688,100.3791,92.0,25.30000114440918,7.400000095367432,23.600000381469727,40,runoff,0.75,-0.2876820724517809
25,9.4,42.02,In-situ water harvesting,Cropland,Cropland,746.8098,2007.2979,1.2474668,17.784643,66.80428,245.0,37.29999923706055,7.400000095367432,33.400001525878906,80,runoff,0.3125,-1.1631508098056809
25,9.4,42.02,In-situ water harvesting,Forest-Woody,Forest,746.8098,2007.2979,1.2474668,17.784643,66.80428,245.0,37.29999923706055,7.400000095367432,33.400001525878906,80,biomass yield,2.2731277533039647,0.82115674800016
25,9.4,42.02,In-situ water harvesting,Cropland,Cropland,746.8098,2007.2979,1.2474668,17.784643,66.80428,245.0,37.29999923706055,7.400000095367432,33.400001525878906,80,biomass yield,1.6572549019607845,0.5051625600235302
25,9.4,42.02,In-situ water harvesting,Cereal,Sorghum,746.8098,2007.2979,1.2474668,17.784643,66.80428,245.0,37.29999923706055,7.400000095367432,33.400001525878906,80,yield,1.3333333333333333,0.2876820724517808
25,9.4,42.02,In-situ water harvesting,Cereal,Sorghum,746.8098,2007.2979,1.2474668,17.784643,66.80428,245.0,37.29999923706055,7.400000095367432,33.400001525878906,80,yield,1.446969696969697,0.369471505460259
25,9.4,42.02,In-situ water harvesting,Cereal,Sorghum,746.8098,2007.2979,1.2474668,17.784643,66.80428,245.0,37.29999923706055,7.400000095367432,33.400001525878906,80,yield,1.1444229529335912,0.1349005387329773
25,9.4,42.02,In-situ water harvesting,Cereal,Sorghum,746.8098,2007.2979,1.2474668,17.784643,66.80428,245.0,37.29999923706055,7.400000095367432,33.400001525878906,80,yield,1.258542875564152,0.2299546037964989
25,9.4,42.02,In-situ water harvesting,Cereal,Sorghum,746.8098,2007.2979,1.2474668,17.784643,66.80428,245.0,37.29999923706055,7.400000095367432,33.400001525878906,80,yield,1.0575757575757576,0.0559792677419012
25,9.4,42.02,In-situ water harvesting,Cereal,Sorghum,746.8098,2007.2979,1.2474668,17.784643,66.80428,245.0,37.29999923706055,7.400000095367432,33.400001525878906,80,yield,1.231818181818182,0.2084912745273394
25,9.4,42.02,In-situ water harvesting,Cereal,Sorghum,746.8098,2007.2979,1.2474668,17.784643,66.80428,245.0,37.29999923706055,7.400000095367432,33.400001525878906,80,yield,1.1724747474747474,0.1591166837713954
25,9.4,42.02,In-situ water harvesting,Cereal,Sorghum,746.8098,2007.2979,1.2474668,17.784643,66.80428,245.0,37.29999923706055,7.400000095367432,33.400001525878906,80,yield,1.3704545454545454,0.3151424698148785
25,9.4,42.02,In-situ water harvesting,Cereal,Sorghum,746.8098,2007.2979,1.2474668,17.784643,66.80428,245.0,37.29999923706055,7.400000095367432,33.400001525878906,80,yield,1.007703777335984,0.0076742547699381
25,9.4,42.02,In-situ water harvesting,Cereal,Sorghum,746.8098,2007.2979,1.2474668,17.784643,66.80428,245.0,37.29999923706055,7.400000095367432,33.400001525878906,80,yield,1.202534791252485,0.1844316550137434
25,9.4,42.02,In-situ water harvesting,Cereal,Sorghum,746.8098,2007.2979,1.2474668,17.784643,66.80428,245.0,37.29999923706055,7.400000095367432,33.400001525878906,80,yield,1.0641153081510937,0.0621437573700529
25,9.4,42.02,In-situ water harvesting,Cereal,Sorghum,746.8098,2007.2979,1.2474668,17.784643,66.80428,245.0,37.29999923706055,7.400000095367432,33.400001525878906,80,yield,1.3039264413518887,0.2653800519071366
25,9.4,42.02,In-situ water harvesting,Cereal,Sorghum,746.8098,2007.2979,1.2474668,17.784643,66.80428,245.0,37.29999923706055,7.400000095367432,33.400001525878906,80,yield,1.0682297154899896,0.0660028068196949
25,9.4,42.02,In-situ water harvesting,Cereal,Sorghum,746.8098,2007.2979,1.2474668,17.784643,66.80428,245.0,37.29999923706055,7.400000095367432,33.400001525878906,80,yield,1.1983667017913593,0.1809595478401856
25,9.4,42.02,In-situ water harvesting,Cereal,Sorghum,746.8098,2007.2979,1.2474668,17.784643,66.80428,245.0,37.29999923706055,7.400000095367432,33.400001525878906,80,yield,1.0785036880927292,0.0755746064914164
25,9.4,42.02,In-situ water harvesting,Cereal,Sorghum,746.8098,2007.2979,1.2474668,17.784643,66.80428,245.0,37.29999923706055,7.400000095367432,33.400001525878906,80,yield,1.3677555321390935,0.3131710986541074
25,9.4,42.02,In-situ water harvesting,Cereal,Sorghum,746.8098,2007.2979,1.2474668,17.784643,66.80428,245.0,37.29999923706055,7.400000095367432,33.400001525878906,80,yield,1.067018072289157,0.0648679096543013
27,9.4,42.02,In-situ water harvesting,Cereal,Sorghum,746.8098,2007.2979,1.2474668,17.784643,66.80428,245.0,37.29999923706055,7.400000095367432,33.400001525878906,80,yield,1.1458333333333333,0.1361321743245799
27,9.4,42.02,In-situ water harvesting,Cereal,Sorghum,746.8098,2007.2979,1.2474668,17.784643,66.80428,245.0,37.29999923706055,7.400000095367432,33.400001525878906,80,yield,1.0926204819277108,0.0885789228478086
27,9.4,42.02,In-situ water harvesting,Cereal,Sorghum,746.8098,2007.2979,1.2474668,17.784643,66.80428,245.0,37.29999923706055,7.400000095367432,33.400001525878906,80,yield,1.3426204819277108,0.2946232878267611
27,9.4,42.02,In-situ water harvesting,Cereal,Sorghum,746.8098,2007.2979,1.2474668,17.784643,66.80428,245.0,37.29999923706055,7.400000095367432,33.400001525878906,80,yield,1.0492011159015977,0.0480290325837842
27,9.4,42.02,In-situ water harvesting,Cereal,Sorghum,746.8098,2007.2979,1.2474668,17.784643,66.80428,245.0,37.29999923706055,7.400000095367432,33.400001525878906,80,yield,1.1940147096119706,0.1773213345025402
27,9.4,42.02,In-situ water harvesting,Cereal,Sorghum,746.8098,2007.2979,1.2474668,17.784643,66.80428,245.0,37.29999923706055,7.400000095367432,33.400001525878906,80,yield,1.1014455997971089,0.0966234986571947
27,9.4,42.02,In-situ water harvesting,Cereal,Sorghum,746.8098,2007.2979,1.2474668,17.784643,66.80428,245.0,37.29999923706055,7.400000095367432,33.400001525878906,80,yield,1.3451686533096627,0.2965193979880713
27,9.4,42.02,In-situ water harvesting,Cereal,Sorghum,746.8098,2007.2979,1.2474668,17.784643,66.80428,245.0,37.29999923706055,7.400000095367432,33.400001525878906,80,yield,1.1560945273631842,0.1450475379825324
32,11.73,39.66,In-situ water harvesting,Cereal,Sorghum,951.5227,1756.7125,8.275172,19.68622,88.051994,274.0,32.5,7.099999904632568,37.10000228881836,40,yield,2.34235807860262,0.8511581478532837
32,11.73,39.66,In-situ water harvesting,Cereal,Sorghum,951.5227,1756.7125,8.275172,19.68622,88.051994,274.0,32.5,7.099999904632568,37.10000228881836,40,yield,1.347266881028939,0.2980780077429036
37,8.42,39.34,In-situ water harvesting,Cereal,Maize,810.5444,1579.1532,2.5436015,19.682308,87.16584,214.0,27.0,7.800000190734863,28.100000381469727,40,yield,1.2939632545931758,0.2577097989159891
37,8.42,39.34,In-situ water harvesting,Cereal,Maize,810.5444,1579.1532,2.5436015,19.682308,87.16584,214.0,27.0,7.800000190734863,28.100000381469727,40,yield,1.494339622641509,0.4016843852682583
38,12.33,39.5,In-situ water harvesting,Cropland,Cropland,836.2638,1849.1903,25.779623,20.916649,97.332855,184.0,25.600000381469727,7.0,29.39999961853028,20,yield,0.942528735632184,-0.0591888713903306
38,8.42,39.34,In-situ water harvesting,Cereal,Sorghum,810.5444,1579.1532,2.5436015,19.682308,87.16584,214.0,27.0,7.800000190734863,28.100000381469727,40,yield,1.2292490118577075,0.2064034234517139
38,8.42,39.34,In-situ water harvesting,Cereal,Sorghum,810.5444,1579.1532,2.5436015,19.682308,87.16584,214.0,27.0,7.800000190734863,28.100000381469727,40,yield,1.1383399209486167,0.1295709914084257
38,8.42,39.34,In-situ water harvesting,Cereal,Maize,810.5444,1579.1532,2.5436015,19.682308,87.16584,214.0,27.0,7.800000190734863,28.100000381469727,40,yield,1.0722433460076046,0.069753038760349
78,9.4,42.02,In-situ water harvesting,Cereal,Sorghum,746.8098,2007.2979,1.2474668,17.784643,66.80428,245.0,37.29999923706055,7.400000095367432,33.400001525878906,80,yield,1.203589108910891,0.1853080169715059
78,9.4,42.02,In-situ water harvesting,Cereal,Sorghum,746.8098,2007.2979,1.2474668,17.784643,66.80428,245.0,37.29999923706055,7.400000095367432,33.400001525878906,80,yield,1.5,0.4054651081081644
78,9.4,42.02,In-situ water harvesting,Cereal,Sorghum,746.8098,2007.2979,1.2474668,17.784643,66.80428,245.0,37.29999923706055,7.400000095367432,33.400001525878906,80,yield,1.422029702970297,0.3520852193276603
78,9.4,42.02,In-situ water harvesting,Cereal,Sorghum,746.8098,2007.2979,1.2474668,17.784643,66.80428,245.0,37.29999923706055,7.400000095367432,33.400001525878906,80,yield,1.0044742729306488,0.0044642931286855
78,9.4,42.02,In-situ water harvesting,Cereal,Sorghum,746.8098,2007.2979,1.2474668,17.784643,66.80428,245.0,37.29999923706055,7.400000095367432,33.400001525878906,80,yield,1.5223713646532435,0.4202692274779518
78,9.4,42.02,In-situ water harvesting,Cereal,Sorghum,746.8098,2007.2979,1.2474668,17.784643,66.80428,245.0,37.29999923706055,7.400000095367432,33.400001525878906,80,yield,1.180089485458613,0.1655902707366527
78,9.4,42.02,In-situ water harvesting,Cereal,Sorghum,746.8098,2007.2979,1.2474668,17.784643,66.80428,245.0,37.29999923706055,7.400000095367432,33.400001525878906,80,yield,1.2678970917225951,0.2373596947740695
147,9.4,42.02,In-situ water harvesting,Cereal,Sorghum,746.8098,2007.2979,1.2474668,17.784643,66.80428,245.0,37.29999923706055,7.400000095367432,33.400001525878906,80,yield,1.1561181434599157,0.1450679652529391
147,9.4,42.02,In-situ water harvesting,Cereal,Sorghum,746.8098,2007.2979,1.2474668,17.784643,66.80428,245.0,37.29999923706055,7.400000095367432,33.400001525878906,80,yield,1.4514767932489452,0.3725815162382672
147,9.4,42.02,In-situ water harvesting,Cereal,Sorghum,746.8098,2007.2979,1.2474668,17.784643,66.80428,245.0,37.29999923706055,7.400000095367432,33.400001525878906,80,yield,1.3140446051838457,0.2731098655926902
147,9.4,42.02,In-situ water harvesting,Cereal,Sorghum,746.8098,2007.2979,1.2474668,17.784643,66.80428,245.0,37.29999923706055,7.400000095367432,33.400001525878906,80,yield,1.366485834840265,0.3122423603170846
147,9.4,42.02,In-situ water harvesting,Cereal,Maize,746.8098,2007.2979,1.2474668,17.784643,66.80428,245.0,37.29999923706055,7.400000095367432,33.400001525878906,80,yield,1.1910161360662888,0.1748068386158006
147,9.4,42.02,In-situ water harvesting,Cereal,Maize,746.8098,2007.2979,1.2474668,17.784643,66.80428,245.0,37.29999923706055,7.400000095367432,33.400001525878906,80,yield,1.4840819886611427,0.3947963916430013
147,9.4,42.02,In-situ water harvesting,Cereal,Maize,746.8098,2007.2979,1.2474668,17.784643,66.80428,245.0,37.29999923706055,7.400000095367432,33.400001525878906,80,yield,1.182730047972089,0.1678253662023818
147,9.4,42.02,In-situ water harvesting,Cereal,Maize,746.8098,2007.2979,1.2474668,17.784643,66.80428,245.0,37.29999923706055,7.400000095367432,33.400001525878906,80,yield,1.3484518098560838,0.2989571268494082
161,9.4,42.02,In-situ water harvesting,Cereal,Sorghum,746.8098,2007.2979,1.2474668,17.784643,66.80428,245.0,37.29999923706055,7.400000095367432,33.400001525878906,80,yield,1.2403846153846154,0.2154215052202995
193,13.88,39.48,In-situ water harvesting,Cereal,Maize,616.1696,2051.5383,1.5874691,19.037912,102.15615,122.0,23.80000114440918,7.200000286102295,17.899999618530273,40,runoff,1.0,0.0
193,13.88,39.48,In-situ water harvesting,Cereal,Maize,616.1696,2051.5383,1.5874691,19.037912,102.15615,122.0,23.80000114440918,7.200000286102295,17.899999618530273,40,runoff,1.0,0.0
193,13.88,39.48,In-situ water harvesting,Cereal,Maize,616.1696,2051.5383,1.5874691,19.037912,102.15615,122.0,23.80000114440918,7.200000286102295,17.899999618530273,40,runoff,0.5,-0.6931471805599453
193,13.88,39.48,In-situ water harvesting,Cereal,Maize,616.1696,2051.5383,1.5874691,19.037912,102.15615,122.0,23.80000114440918,7.200000286102295,17.899999618530273,40,runoff,0.5,-0.6931471805599453
193,13.88,39.48,In-situ water harvesting,Cereal,Maize,616.1696,2051.5383,1.5874691,19.037912,102.15615,122.0,23.80000114440918,7.200000286102295,17.899999618530273,40,soil loss,0.4705882352941176,-0.7537718023763802
193,13.88,39.48,In-situ water harvesting,Cereal,Maize,616.1696,2051.5383,1.5874691,19.037912,102.15615,122.0,23.80000114440918,7.200000286102295,17.899999618530273,40,soil loss,1.0909090909090908,0.0870113769896297
193,13.88,39.48,In-situ water harvesting,Cereal,Maize,616.1696,2051.5383,1.5874691,19.037912,102.15615,122.0,23.80000114440918,7.200000286102295,17.899999618530273,40,soil loss,0.4722222222222222,-0.750305594399894
193,13.88,39.48,In-situ water harvesting,Cereal,Maize,616.1696,2051.5383,1.5874691,19.037912,102.15615,122.0,23.80000114440918,7.200000286102295,17.899999618530273,40,soil loss,0.2222222222222222,-1.5040773967762742
194,9.12,42.07,In-situ water harvesting,Cereal,Maize,697.0583,1627.8007,3.5570645,20.676933,58.88618,245.0,36.10000228881836,7.5,30.700000762939453,40,yield,1.6666666666666667,0.5108256237659907
194,9.12,42.07,In-situ water harvesting,Cereal,Maize,697.0583,1627.8007,3.5570645,20.676933,58.88618,245.0,36.10000228881836,7.5,30.700000762939453,40,yield,1.6333333333333333,0.4906229164484712
194,9.12,42.07,In-situ water harvesting,Cereal,Maize,697.0583,1627.8007,3.5570645,20.676933,58.88618,245.0,36.10000228881836,7.5,30.700000762939453,40,yield,1.3333333333333333,0.2876820724517808
194,9.12,42.07,In-situ water harvesting,Cereal,Maize,697.0583,1627.8007,3.5570645,20.676933,58.88618,245.0,36.10000228881836,7.5,30.700000762939453,40,yield,1.3054729327781085,0.2665653757196731
194,9.12,42.07,In-situ water harvesting,Cereal,Maize,697.0583,1627.8007,3.5570645,20.676933,58.88618,245.0,36.10000228881836,7.5,30.700000762939453,40,yield,1.2623438429506246,0.2329701857653128
194,9.12,42.07,In-situ water harvesting,Cereal,Maize,697.0583,1627.8007,3.5570645,20.676933,58.88618,245.0,36.10000228881836,7.5,30.700000762939453,40,yield,1.238548483045806,0.2139401157662985
194,9.12,42.07,In-situ water harvesting,Cereal,Maize,697.0583,1627.8007,3.5570645,20.676933,58.88618,245.0,36.10000228881836,7.5,30.700000762939453,40,yield,1.5396622313203685,0.4315630620576784
194,9.12,42.07,In-situ water harvesting,Cereal,Maize,697.0583,1627.8007,3.5570645,20.676933,58.88618,245.0,36.10000228881836,7.5,30.700000762939453,40,yield,1.3597748208802456,0.3073191131570854
194,9.12,42.07,In-situ water harvesting,Cereal,Maize,697.0583,1627.8007,3.5570645,20.676933,58.88618,245.0,36.10000228881836,7.5,30.700000762939453,40,yield,1.188331627430911,0.1725503296551088
153,7.33,39.5,ISFM,Pulse,Common bean,860.83777,1829.9355,36.773056,17.061357,51.844513,273.0,37.79999923706055,7.300000190734863,34.79999923706055,20,income,2.6943396226415093,0.991153136353362
153,7.33,39.5,ISFM,Pulse,Common bean,860.83777,1829.9355,36.773056,17.061357,51.844513,273.0,37.79999923706055,7.300000190734863,34.79999923706055,20,income,1.0,0.0
153,7.33,39.5,ISFM,Pulse,Common bean,860.83777,1829.9355,36.773056,17.061357,51.844513,273.0,37.79999923706055,7.300000190734863,34.79999923706055,20,income,1.0,0.0
153,7.33,39.5,ISFM,Pulse,Common bean,860.83777,1829.9355,36.773056,17.061357,51.844513,273.0,37.79999923706055,7.300000190734863,34.79999923706055,20,income,1.315955766192733,0.2745632200226665
153,7.33,39.5,ISFM,Pulse,Common bean,860.83777,1829.9355,36.773056,17.061357,51.844513,273.0,37.79999923706055,7.300000190734863,34.79999923706055,20,income,1.9425444596443229,0.6639986908455279
153,7.33,39.5,ISFM,Pulse,Common bean,860.83777,1829.9355,36.773056,17.061357,51.844513,273.0,37.79999923706055,7.300000190734863,34.79999923706055,20,income,1.0,0.0
153,7.33,39.5,ISFM,Pulse,Common bean,860.83777,1829.9355,36.773056,17.061357,51.844513,273.0,37.79999923706055,7.300000190734863,34.79999923706055,20,income,1.0,0.0
153,7.33,39.5,ISFM,Pulse,Common bean,860.83777,1829.9355,36.773056,17.061357,51.844513,273.0,37.79999923706055,7.300000190734863,34.79999923706055,20,income,1.136039886039886,0.1275484306331886
159,13.49,39.46,ISFM,Pulse,Field pea,647.9907,2095.8474,4.3426523,19.509405,118.548996,92.0,23.39999961853028,7.900000095367432,19.30000114440918,40,yield,1.0,0.0
159,13.49,39.46,ISFM,Pulse,Field pea,647.9907,2095.8474,4.3426523,19.509405,118.548996,92.0,23.39999961853028,7.900000095367432,19.30000114440918,40,yield,1.1916167664670658,0.1753110123077372
159,13.49,39.46,ISFM,Pulse,Field pea,647.9907,2095.8474,4.3426523,19.509405,118.548996,92.0,23.39999961853028,7.900000095367432,19.30000114440918,40,yield,1.311377245508982,0.2710779173997457
159,13.49,39.46,ISFM,Pulse,Field pea,647.9907,2095.8474,4.3426523,19.509405,118.548996,92.0,23.39999961853028,7.900000095367432,19.30000114440918,40,yield,1.0,0.0
159,13.49,39.46,ISFM,Pulse,Field pea,647.9907,2095.8474,4.3426523,19.509405,118.548996,92.0,23.39999961853028,7.900000095367432,19.30000114440918,40,yield,1.1275510204081634,0.1200480422872356
159,13.49,39.46,ISFM,Pulse,Field pea,647.9907,2095.8474,4.3426523,19.509405,118.548996,92.0,23.39999961853028,7.900000095367432,19.30000114440918,40,yield,1.2142857142857142,0.1941560144409574
166,7.33,39.5,ISFM,Pulse,Common bean,860.83777,1829.9355,36.773056,17.061357,51.844513,273.0,37.79999923706055,7.300000190734863,34.79999923706055,20,income,2.75944055944056,1.0150279633286077
166,7.33,39.5,ISFM,Pulse,Common bean,860.83777,1829.9355,36.773056,17.061357,51.844513,273.0,37.79999923706055,7.300000190734863,34.79999923706055,20,income,1.0,0.0
166,7.33,39.5,ISFM,Pulse,Common bean,860.83777,1829.9355,36.773056,17.061357,51.844513,273.0,37.79999923706055,7.300000190734863,34.79999923706055,20,income,1.0,0.0
166,7.33,39.5,ISFM,Pulse,Common bean,860.83777,1829.9355,36.773056,17.061357,51.844513,273.0,37.79999923706055,7.300000190734863,34.79999923706055,20,income,1.330085959885387,0.2852435716379096
166,7.33,39.5,ISFM,Pulse,Common bean,860.83777,1829.9355,36.773056,17.061357,51.844513,273.0,37.79999923706055,7.300000190734863,34.79999923706055,20,income,2.829181494661922,1.0399874453205862
166,7.33,39.5,ISFM,Pulse,Common bean,860.83777,1829.9355,36.773056,17.061357,51.844513,273.0,37.79999923706055,7.300000190734863,34.79999923706055,20,income,1.0,0.0
166,7.33,39.5,ISFM,Pulse,Common bean,860.83777,1829.9355,36.773056,17.061357,51.844513,273.0,37.79999923706055,7.300000190734863,34.79999923706055,20,income,1.0,0.0
166,7.33,39.5,ISFM,Pulse,Common bean,860.83777,1829.9355,36.773056,17.061357,51.844513,273.0,37.79999923706055,7.300000190734863,34.79999923706055,20,income,1.0232688533781888,0.0230022612176455
87,14.15,38.92,IWM,Forest-Woody,Forest,630.87787,1986.4133,12.303945,18.609135,123.33646,122.0,29.30000114440918,7.800000190734863,29.100000381469727,30,runoff,0.75,-0.2876820724517809
87,14.15,38.92,IWM,Grassland-Rangeland,Exclosure,630.87787,1986.4133,12.303945,18.609135,123.33646,122.0,29.30000114440918,7.800000190734863,29.100000381469727,30,runoff,0.5,-0.6931471805599453
87,14.15,38.92,IWM,Forest-Woody,Bushland,630.87787,1986.4133,12.303945,18.609135,123.33646,122.0,29.30000114440918,7.800000190734863,29.100000381469727,30,runoff,1.0,0.0
87,14.15,38.92,IWM,Forest-Woody,Plantation forest,630.87787,1986.4133,12.303945,18.609135,123.33646,122.0,29.30000114440918,7.800000190734863,29.100000381469727,30,runoff,0.6666666666666666,-0.4054651081081644
87,14.15,38.92,IWM,Mixed cropping,Homestead,630.87787,1986.4133,12.303945,18.609135,123.33646,122.0,29.30000114440918,7.800000190734863,29.100000381469727,30,runoff,0.9333333333333332,-0.0689928714869514
87,14.15,38.92,IWM,Forest-Woody,Bushland,630.87787,1986.4133,12.303945,18.609135,123.33646,122.0,29.30000114440918,7.800000190734863,29.100000381469727,30,soil loss,1.0,0.0
87,14.15,38.92,IWM,Forest-Woody,Plantation forest,630.87787,1986.4133,12.303945,18.609135,123.33646,122.0,29.30000114440918,7.800000190734863,29.100000381469727,30,soil loss,0.2857142857142857,-1.252762968495368
106,13.61,39.22,IWM,Cropland,Cropland,646.0711,2121.9402,12.589704,19.241024,120.51341,122.0,32.0,7.700000286102295,31.5,40,runoff,0.25,-1.3862943611198906
107,13.61,39.22,IWM,Mixed cropping,Mixed,646.0711,2121.9402,12.589704,19.241024,120.51341,122.0,32.0,7.700000286102295,31.5,40,soil loss,0.6428571428571429,-0.4418327522790392
107,13.61,39.22,IWM,Mixed cropping,Mixed,646.0711,2121.9402,12.589704,19.241024,120.51341,122.0,32.0,7.700000286102295,31.5,40,soil loss,1.1666666666666667,0.1541506798272583
107,13.61,39.22,IWM,Mixed cropping,Mixed,646.0711,2121.9402,12.589704,19.241024,120.51341,122.0,32.0,7.700000286102295,31.5,40,soil loss,0.25,-1.3862943611198906
106,13.61,39.22,Physical + biological SWC practices,Cropland,Cropland,646.0711,2121.9402,12.589704,19.241024,120.51341,122.0,32.0,7.700000286102295,31.5,40,runoff,0.25,-1.3862943611198906
106,13.61,39.22,Physical + biological SWC practices,Cropland,Cropland,646.0711,2121.9402,12.589704,19.241024,120.51341,122.0,32.0,7.700000286102295,31.5,40,runoff,0.1923076923076923,-1.6486586255873816
127,14.27,39.2,Physical + biological SWC practices,Cropland,Cropland,592.3208,2200.1296,28.276917,17.394287,118.67095,152.0,27.30000114440918,7.400000095367432,31.39999961853028,30,runoff,0.98,-0.0202027073175194
127,14.27,39.2,Physical + biological SWC practices,Cereal,Teff,592.3208,2200.1296,28.276917,17.394287,118.67095,152.0,27.30000114440918,7.400000095367432,31.39999961853028,30,yield,0.9079601990049752,-0.0965547350365295
8,13.61,39.22,Physical SWC measures,Cereal,Wheat,646.0711,2121.9402,12.589704,19.241024,120.51341,122.0,32.0,7.700000286102295,31.5,40,yield,1.0625,0.0606246218164348
8,13.61,39.22,Physical SWC measures,Cereal,Wheat,646.0711,2121.9402,12.589704,19.241024,120.51341,122.0,32.0,7.700000286102295,31.5,40,soil loss,0.6538461538461539,-0.4248831939652659
40,13.5,39.25,Physical SWC measures,Cereal,Teff,651.34326,1869.8285,29.568197,22.06126,107.75713,92.0,22.5,7.5,37.29999923706055,30,yield,1.0,0.0
47,13.25,39.52,Physical SWC measures,Cereal,Teff,668.83936,2092.96,1.011195,19.68991,110.81612,153.0,26.200000762939453,7.700000286102295,20.30000114440918,40,yield,0.8947368421052632,-0.1112256351102243
36,13.25,39.52,Physical SWC measures,Cereal,Teff,668.83936,2092.96,1.011195,19.68991,110.81612,153.0,26.200000762939453,7.700000286102295,20.30000114440918,40,soil loss,0.6536312849162011,-0.4252118710429988
109,13.5,39.25,Physical SWC measures,Cereal,Teff,651.34326,1869.8285,29.568197,22.06126,107.75713,92.0,22.5,7.5,37.29999923706055,30,runoff,0.2727272727272727,-1.2992829841302609
109,13.5,39.25,Physical SWC measures,Cereal,Maize,651.34326,1869.8285,29.568197,22.06126,107.75713,92.0,22.5,7.5,37.29999923706055,30,yield,0.8333333333333334,-0.1823215567939546
109,13.5,39.25,Physical SWC measures,Cereal,Maize,651.34326,1869.8285,29.568197,22.06126,107.75713,92.0,22.5,7.5,37.29999923706055,30,runoff,0.5555555555555556,-0.587786664902119
109,13.61,39.22,Physical SWC measures,Cropland,Cropland,646.0711,2121.9402,12.589704,19.241024,120.51341,122.0,32.0,7.700000286102295,31.5,40,soil loss,0.238095238095238,-1.4350845252893227
109,13.61,39.22,Physical SWC measures,Cropland,Cropland,646.0711,2121.9402,12.589704,19.241024,120.51341,122.0,32.0,7.700000286102295,31.5,40,soil loss,0.1428571428571428,-1.9459101490553128
127,14.27,39.2,Physical SWC measures,Cropland,Cropland,592.3208,2200.1296,28.276917,17.394287,118.67095,152.0,27.30000114440918,7.400000095367432,31.39999961853028,30,yield,1.1666666666666667,0.1541506798272583
127,14.27,39.2,Physical SWC measures,Forest-Woody,Forest,592.3208,2200.1296,28.276917,17.394287,118.67095,152.0,27.30000114440918,7.400000095367432,31.39999961853028,30,soil loss,1.0,0.0
127,14.27,39.2,Physical SWC measures,Forest-Woody,Forest,592.3208,2200.1296,28.276917,17.394287,118.67095,152.0,27.30000114440918,7.400000095367432,31.39999961853028,30,soil loss,0.8709677419354839,-0.1381503384808171
127,14.27,39.2,Physical SWC measures,Cropland,Cropland,592.3208,2200.1296,28.276917,17.394287,118.67095,152.0,27.30000114440918,7.400000095367432,31.39999961853028,30,soil loss,0.9032258064516128,-0.1017826943099423
11,6.42,38.32,agronomic/biological SWCP,Cereal,Maize,1157.3077,1563.5872,4.267274,20.298077,48.65471,303.0,39.79999923706055,6.200000286102295,47.70000076293945,10,yield,0.6470588235294118,-0.4353180712578455
11,6.42,38.32,agronomic/biological SWCP,Cereal,Maize,1157.3077,1563.5872,4.267274,20.298077,48.65471,303.0,39.79999923706055,6.200000286102295,47.70000076293945,10,runoff,0.8,-0.2231435513142097
12,6.91,37.64,agronomic/biological SWCP,Cereal,Sorghum,1496.4543,2068.8474,6.0630846,19.33679,53.29837,334.0,33.900001525878906,5.900000095367432,44.400001525878906,10,yield,0.75,-0.2876820724517809
12,6.91,37.64,agronomic/biological SWCP,Cereal,Sorghum,1496.4543,2068.8474,6.0630846,19.33679,53.29837,334.0,33.900001525878906,5.900000095367432,44.400001525878906,10,runoff,0.0575539568345323,-2.855032391450856
12,6.91,37.64,agronomic/biological SWCP,Cereal,Barley,1496.4543,2068.8474,6.0630846,19.33679,53.29837,334.0,33.900001525878906,5.900000095367432,44.400001525878906,10,yield,1.0,0.0
12,6.91,37.64,agronomic/biological SWCP,Cereal,Barley,1496.4543,2068.8474,6.0630846,19.33679,53.29837,334.0,33.900001525878906,5.900000095367432,44.400001525878906,10,runoff,0.0985915492957746,-2.316769727986002
12,6.91,37.64,agronomic/biological SWCP,Cereal,Maize,1496.4543,2068.8474,6.0630846,19.33679,53.29837,334.0,33.900001525878906,5.900000095367432,44.400001525878906,10,yield,1.5,0.4054651081081644
12,6.91,37.64,agronomic/biological SWCP,Cereal,Maize,1496.4543,2068.8474,6.0630846,19.33679,53.29837,334.0,33.900001525878906,5.900000095367432,44.400001525878906,10,runoff,0.064516129032258,-2.740840023925201
12,6.91,37.64,agronomic/biological SWCP,Cereal,Barley,1496.4543,2068.8474,6.0630846,19.33679,53.29837,334.0,33.900001525878906,5.900000095367432,44.400001525878906,10,yield,0.8333333333333334,-0.1823215567939546
12,6.91,37.64,agronomic/biological SWCP,Cereal,Barley,1496.4543,2068.8474,6.0630846,19.33679,53.29837,334.0,33.900001525878906,5.900000095367432,44.400001525878906,10,soil loss,0.0454545454545454,-3.091042453358316
12,6.91,37.64,agronomic/biological SWCP,Cereal,Barley,1496.4543,2068.8474,6.0630846,19.33679,53.29837,334.0,33.900001525878906,5.900000095367432,44.400001525878906,10,runoff,0.0610687022900763,-2.795755781521316
12,6.91,37.64,agronomic/biological SWCP,Cereal,Barley,1496.4543,2068.8474,6.0630846,19.33679,53.29837,334.0,33.900001525878906,5.900000095367432,44.400001525878906,10,yield,1.4,0.3364722366212129
12,6.91,37.64,agronomic/biological SWCP,Cereal,Barley,1496.4543,2068.8474,6.0630846,19.33679,53.29837,334.0,33.900001525878906,5.900000095367432,44.400001525878906,10,runoff,0.4,-0.916290731874155
14,9.11,40.99,agronomic/biological SWCP,Cereal,Maize,1062.5142,2054.0068,14.286182,17.49087,69.88164,303.0,42.5,7.200000286102295,41.29999923706055,40,yield,1.1176470588235294,0.1112256351102244
14,9.11,40.99,agronomic/biological SWCP,Cereal,Maize,1062.5142,2054.0068,14.286182,17.49087,69.88164,303.0,42.5,7.200000286102295,41.29999923706055,40,soil loss,0.3125,-1.1631508098056809
14,9.11,40.99,agronomic/biological SWCP,Cereal,Maize,1062.5142,2054.0068,14.286182,17.49087,69.88164,303.0,42.5,7.200000286102295,41.29999923706055,40,runoff,1.3529411764705883,0.3022808718729337
14,9.11,40.99,agronomic/biological SWCP,Pulse,Common bean,1062.5142,2054.0068,14.286182,17.49087,69.88164,303.0,42.5,7.200000286102295,41.29999923706055,40,yield,1.0,0.0
14,9.11,40.99,agronomic/biological SWCP,Pulse,Common bean,1062.5142,2054.0068,14.286182,17.49087,69.88164,303.0,42.5,7.200000286102295,41.29999923706055,40,soil loss,0.4,-0.916290731874155
14,9.11,40.99,agronomic/biological SWCP,Pulse,Common bean,1062.5142,2054.0068,14.286182,17.49087,69.88164,303.0,42.5,7.200000286102295,41.29999923706055,40,runoff,1.2777777777777777,0.2451224580329849
14,9.11,40.99,agronomic/biological SWCP,Cereal,Sorghum,1062.5142,2054.0068,14.286182,17.49087,69.88164,303.0,42.5,7.200000286102295,41.29999923706055,40,yield,1.5,0.4054651081081644
14,9.11,40.99,agronomic/biological SWCP,Cereal,Sorghum,1062.5142,2054.0068,14.286182,17.49087,69.88164,303.0,42.5,7.200000286102295,41.29999923706055,40,runoff,1.0,0.0
19,9.85,39.6,agronomic/biological SWCP,Cereal,Barley,980.073,2475.0623,17.959497,16.548235,111.723,214.0,40.900001525878906,6.800000190734863,32.5,40,soil loss,0.0545454545454545,-2.908720896564361
19,9.85,39.6,agronomic/biological SWCP,Cereal,Barley,980.073,2475.0623,17.959497,16.548235,111.723,214.0,40.900001525878906,6.800000190734863,32.5,40,runoff,0.238341968911917,-1.4340487924157903
20,6.42,38.32,agronomic/biological SWCP,Cereal,Maize,1157.3077,1563.5872,4.267274,20.298077,48.65471,303.0,39.79999923706055,6.200000286102295,47.70000076293945,10,runoff,0.1942446043165467,-1.6386370671263626
20,6.91,37.64,agronomic/biological SWCP,Cereal,Barley,1496.4543,2068.8474,6.0630846,19.33679,53.29837,334.0,33.900001525878906,5.900000095367432,44.400001525878906,10,runoff,0.1338028169014084,-2.01138807843482
39,7.3,38.08,agronomic/biological SWCP,Cereal,Teff,1076.95,1749.0809,3.3825607,19.583536,54.35929,304.0,37.5,6.599999904632568,31.5,40,yield,0.942528735632184,-0.0591888713903306
39,6.72,37.76,agronomic/biological SWCP,Cereal,Wheat,1341.0823,1730.5015,8.593341,21.155436,49.415062,303.0,34.10000228881836,6.200000286102295,45.0,40,yield,1.204225352112676,0.185836498901399
130,8.75,38.98,Animal feed management,Cereal,Wheat,875.09314,1934.1505,6.437672,17.593557,95.61275,214.0,41.10000228881836,7.0,22.89999961853028,20,soil loss,1.0,0.0
130,8.75,38.98,Animal feed management,Cereal,Wheat,875.09314,1934.1505,6.437672,17.593557,95.61275,214.0,41.10000228881836,7.0,22.89999961853028,20,runoff,1.180672268907563,0.166083995662271
130,8.75,38.98,Animal feed management,Cereal,Wheat,875.09314,1934.1505,6.437672,17.593557,95.61275,214.0,41.10000228881836,7.0,22.89999961853028,20,SOM content,0.8666666666666667,-0.1431008436406733
130,8.75,38.98,Animal feed management,Cereal,Wheat,875.09314,1934.1505,6.437672,17.593557,95.61275,214.0,41.10000228881836,7.0,22.89999961853028,20,yield,1.0965842167255595,0.0922000909657197
130,8.75,38.98,Animal feed management,Cereal,Wheat,875.09314,1934.1505,6.437672,17.593557,95.61275,214.0,41.10000228881836,7.0,22.89999961853028,20,soil loss,1.0,0.0
130,8.75,38.98,Animal feed management,Cereal,Wheat,875.09314,1934.1505,6.437672,17.593557,95.61275,214.0,41.10000228881836,7.0,22.89999961853028,20,runoff,1.1866666666666668,0.1711482561958294
130,8.75,38.98,Animal feed management,Cereal,Wheat,875.09314,1934.1505,6.437672,17.593557,95.61275,214.0,41.10000228881836,7.0,22.89999961853028,20,SOM content,1.181818181818182,0.1670540846631662
130,8.75,38.98,Animal feed management,Pulse,Lentil,875.09314,1934.1505,6.437672,17.593557,95.61275,214.0,41.10000228881836,7.0,22.89999961853028,20,yield,0.8293228875209849,-0.1871457093033958
130,8.75,38.98,Animal feed management,Pulse,Lentil,875.09314,1934.1505,6.437672,17.593557,95.61275,214.0,41.10000228881836,7.0,22.89999961853028,20,yield,0.7822878228782287,-0.2455325462076885
130,8.75,38.98,Animal feed management,Pulse,Lentil,875.09314,1934.1505,6.437672,17.593557,95.61275,214.0,41.10000228881836,7.0,22.89999961853028,20,yield,0.8271484375,-0.1897711109473987
130,8.75,38.98,Animal feed management,Cereal,Teff,875.09314,1934.1505,6.437672,17.593557,95.61275,214.0,41.10000228881836,7.0,22.89999961853028,20,yield,1.154521510096576,0.1436859811646828
130,8.75,38.98,Animal feed management,Cereal,Teff,875.09314,1934.1505,6.437672,17.593557,95.61275,214.0,41.10000228881836,7.0,22.89999961853028,20,yield,1.0241305890702626,0.0238440468751906
130,8.75,38.98,Animal feed management,Cereal,Teff,875.09314,1934.1505,6.437672,17.593557,95.61275,214.0,41.10000228881836,7.0,22.89999961853028,20,yield,1.0824175824175823,0.0791970416611931
130,8.75,38.98,Animal feed management,Root & tuber,Potato,875.09314,1934.1505,6.437672,17.593557,95.61275,214.0,41.10000228881836,7.0,22.89999961853028,20,yield,1.7113583138173305,0.5372873907627308
130,8.75,38.98,Animal feed management,Root & tuber,Potato,875.09314,1934.1505,6.437672,17.593557,95.61275,214.0,41.10000228881836,7.0,22.89999961853028,20,yield,2.000585480093677,0.6934398777667767
130,8.75,38.98,Animal feed management,Root & tuber,Potato,875.09314,1934.1505,6.437672,17.593557,95.61275,214.0,41.10000228881836,7.0,22.89999961853028,20,yield,2.419375812743823,0.8835095782810332
130,8.75,38.98,Animal feed management,Root & tuber,Potato,875.09314,1934.1505,6.437672,17.593557,95.61275,214.0,41.10000228881836,7.0,22.89999961853028,20,yield,3.033810143042913,1.109819302515786
130,8.75,38.98,Animal feed management,Root & tuber,Potato,875.09314,1934.1505,6.437672,17.593557,95.61275,214.0,41.10000228881836,7.0,22.89999961853028,20,yield,1.7684416218856864,0.5700987191585273
130,8.75,38.98,Animal feed management,Root & tuber,Potato,875.09314,1934.1505,6.437672,17.593557,95.61275,214.0,41.10000228881836,7.0,22.89999961853028,20,yield,1.910600879335613,0.6474177890942245
130,8.75,38.98,Animal feed management,Root & tuber,Potato,875.09314,1934.1505,6.437672,17.593557,95.61275,214.0,41.10000228881836,7.0,22.89999961853028,20,yield,1.6504613200851668,0.5010548367654715
130,8.75,38.98,Animal feed management,Root & tuber,Potato,875.09314,1934.1505,6.437672,17.593557,95.61275,214.0,41.10000228881836,7.0,22.89999961853028,20,yield,1.8726046841731725,0.6273303409470423
130,8.75,38.98,Animal feed management,Root & tuber,Potato,875.09314,1934.1505,6.437672,17.593557,95.61275,214.0,41.10000228881836,7.0,22.89999961853028,20,yield,1.2041939711664482,0.1858104395304861
130,8.75,38.98,Animal feed management,Root & tuber,Potato,875.09314,1934.1505,6.437672,17.593557,95.61275,214.0,41.10000228881836,7.0,22.89999961853028,20,yield,1.4131061598951506,0.3457902317331113
145,8.75,38.98,Animal feed management,Cereal,Maize,875.09314,1934.1505,6.437672,17.593557,95.61275,214.0,41.10000228881836,7.0,22.89999961853028,20,yield,1.1326836581709143,0.1245897357971705
145,8.75,38.98,Animal feed management,Cereal,Finger millet,875.09314,1934.1505,6.437672,17.593557,95.61275,214.0,41.10000228881836,7.0,22.89999961853028,20,yield,0.7882037533512064,-0.2379986523051339
145,8.75,38.98,Animal feed management,Grassland-Rangeland,Grazing land,875.09314,1934.1505,6.437672,17.593557,95.61275,214.0,41.10000228881836,7.0,22.89999961853028,20,biomass yield,1.0,0.0
145,8.75,38.98,Animal feed management,Grassland-Rangeland,Grazing land,875.09314,1934.1505,6.437672,17.593557,95.61275,214.0,41.10000228881836,7.0,22.89999961853028,20,biomass yield,0.4285714285714285,-0.8472978603872037
145,8.75,38.98,Animal feed management,Grassland-Rangeland,Grazing land,875.09314,1934.1505,6.437672,17.593557,95.61275,214.0,41.10000228881836,7.0,22.89999961853028,20,biomass yield,0.2857142857142857,-1.252762968495368
145,8.75,38.98,Animal feed management,Grassland-Rangeland,Grazing land,875.09314,1934.1505,6.437672,17.593557,95.61275,214.0,41.10000228881836,7.0,22.89999961853028,20,biomass yield,1.4285714285714286,0.3566749439387324
145,8.75,38.98,Animal feed management,Grassland-Rangeland,Grazing land,875.09314,1934.1505,6.437672,17.593557,95.61275,214.0,41.10000228881836,7.0,22.89999961853028,20,biomass yield,0.8571428571428571,-0.1541506798272583
151,6.42,38.32,Animal feed management,Cereal,Barley,1157.3077,1563.5872,4.267274,20.298077,48.65471,303.0,39.79999923706055,6.200000286102295,47.70000076293945,10,yield,1.4749498997995991,0.3886240229773575
151,6.42,38.32,Animal feed management,Cereal,Barley,1157.3077,1563.5872,4.267274,20.298077,48.65471,303.0,39.79999923706055,6.200000286102295,47.70000076293945,10,yield,1.360053440213761,0.307523993250785
151,6.42,38.32,Animal feed management,Cereal,Barley,1157.3077,1563.5872,4.267274,20.298077,48.65471,303.0,39.79999923706055,6.200000286102295,47.70000076293945,10,yield,1.5597862391449566,0.4445487856833693
151,6.42,38.32,Animal feed management,Cereal,Barley,1157.3077,1563.5872,4.267274,20.298077,48.65471,303.0,39.79999923706055,6.200000286102295,47.70000076293945,10,yield,1.571810287241149,0.4522280043077341
151,6.42,38.32,Animal feed management,Cereal,Teff,1157.3077,1563.5872,4.267274,20.298077,48.65471,303.0,39.79999923706055,6.200000286102295,47.70000076293945,10,yield,1.0855263157894737,0.0820649530543042
67,7.33,38.08,Biological SWC practices,Pulse,Common bean,1066.7906,1765.0603,2.4839835,19.453138,54.815002,304.0,36.900001525878906,6.599999904632568,30.80000114440918,40,yield,1.2404287901990811,0.2154571183900533
67,7.33,38.08,Biological SWC practices,Pulse,Common bean,1066.7906,1765.0603,2.4839835,19.453138,54.815002,304.0,36.900001525878906,6.599999904632568,30.80000114440918,40,yield,2.2970903522205206,0.8316432578138704
67,7.33,38.08,Biological SWC practices,Pulse,Common bean,1066.7906,1765.0603,2.4839835,19.453138,54.815002,304.0,36.900001525878906,6.599999904632568,30.80000114440918,40,yield,1.551301684532925,0.4390943749722524
67,7.33,38.08,Biological SWC practices,Pulse,Common bean,1066.7906,1765.0603,2.4839835,19.453138,54.815002,304.0,36.900001525878906,6.599999904632568,30.80000114440918,40,yield,1.229709035222052,0.2067775846703306
67,7.33,38.08,Biological SWC practices,Pulse,Common bean,1066.7906,1765.0603,2.4839835,19.453138,54.815002,304.0,36.900001525878906,6.599999904632568,30.80000114440918,40,yield,1.4826351593268887,0.3938210176003905
67,7.33,38.08,Biological SWC practices,Pulse,Common bean,1066.7906,1765.0603,2.4839835,19.453138,54.815002,304.0,36.900001525878906,6.599999904632568,30.80000114440918,40,yield,1.5610454708199069,0.4453557703979032
67,7.33,38.08,Biological SWC practices,Pulse,Common bean,1066.7906,1765.0603,2.4839835,19.453138,54.815002,304.0,36.900001525878906,6.599999904632568,30.80000114440918,40,yield,1.180093089867526,0.1655933250841855
67,7.33,38.08,Biological SWC practices,Pulse,Common bean,1066.7906,1765.0603,2.4839835,19.453138,54.815002,304.0,36.900001525878906,6.599999904632568,30.80000114440918,40,yield,1.6498388829215898,0.5006776364305504
67,7.33,38.08,Biological SWC practices,Pulse,Soybean,1066.7906,1765.0603,2.4839835,19.453138,54.815002,304.0,36.900001525878906,6.599999904632568,30.80000114440918,40,yield,1.5107913669064748,0.4126335975867768
67,7.33,38.08,Biological SWC practices,Pulse,Soybean,1066.7906,1765.0603,2.4839835,19.453138,54.815002,304.0,36.900001525878906,6.599999904632568,30.80000114440918,40,yield,1.4796163069544364,0.3917828021065863
67,7.33,38.08,Biological SWC practices,Pulse,Soybean,1066.7906,1765.0603,2.4839835,19.453138,54.815002,304.0,36.900001525878906,6.599999904632568,30.80000114440918,40,yield,1.5419664268585132,0.4330585024388179
67,7.33,38.08,Biological SWC practices,Pulse,Soybean,1066.7906,1765.0603,2.4839835,19.453138,54.815002,304.0,36.900001525878906,6.599999904632568,30.80000114440918,40,yield,1.2781774580335732,0.2454352023670431
67,7.33,38.08,Biological SWC practices,Pulse,Soybean,1066.7906,1765.0603,2.4839835,19.453138,54.815002,304.0,36.900001525878906,6.599999904632568,30.80000114440918,40,yield,1.462508080155139,0.380152825001015
67,7.33,38.08,Biological SWC practices,Pulse,Soybean,1066.7906,1765.0603,2.4839835,19.453138,54.815002,304.0,36.900001525878906,6.599999904632568,30.80000114440918,40,yield,1.603102779573368,0.4719409885859618
67,7.33,38.08,Biological SWC practices,Pulse,Soybean,1066.7906,1765.0603,2.4839835,19.453138,54.815002,304.0,36.900001525878906,6.599999904632568,30.80000114440918,40,yield,1.0,0.0
67,7.33,38.08,Biological SWC practices,Pulse,Soybean,1066.7906,1765.0603,2.4839835,19.453138,54.815002,304.0,36.900001525878906,6.599999904632568,30.80000114440918,40,yield,1.479961215255333,0.392015881524084
91,9.85,39.6,Biological SWC practices,Cereal,Barley,980.073,2475.0623,17.959497,16.548235,111.723,214.0,40.900001525878906,6.800000190734863,32.5,40,soil loss,0.0952380952380952,-2.3513752571634776
91,9.85,39.6,Biological SWC practices,Cereal,Barley,980.073,2475.0623,17.959497,16.548235,111.723,214.0,40.900001525878906,6.800000190734863,32.5,40,soil loss,0.1454545454545454,-1.927891643552635
91,6.91,37.64,Biological SWC practices,Cereal,Barley,1496.4543,2068.8474,6.0630846,19.33679,53.29837,334.0,33.900001525878906,5.900000095367432,44.400001525878906,10,yield,1.0,0.0
91,9.11,40.99,Biological SWC practices,Pulse,Common bean,1062.5142,2054.0068,14.286182,17.49087,69.88164,303.0,42.5,7.200000286102295,41.29999923706055,40,yield,3.6666666666666665,1.2992829841302609
5,8.92,38.17,Conservation tillage,Cereal,Barley,891.9338,2124.1084,1.4307053,17.772709,79.51172,242.0,37.900001525878906,6.900000095367432,29.39999961853028,40,yield,1.5584502338009352,0.4436918876018016
5,8.92,38.17,Conservation tillage,Cereal,Barley,891.9338,2124.1084,1.4307053,17.772709,79.51172,242.0,37.900001525878906,6.900000095367432,29.39999961853028,40,SOM content,1.25,0.2231435513142097
30,9.03,38.14,Conservation tillage,Cereal,Barley,960.2106,2248.425,4.073896,16.895199,82.48423,273.0,39.29999923706055,6.400000095367432,39.400001525878906,50,SOM content,0.5,-0.6931471805599453
33,8.42,39.66,Conservation tillage,Cereal,Sorghum,894.62,1845.6617,11.528226,18.846788,78.51728,245.0,32.20000076293945,7.300000190734863,31.0,40,yield,0.8968386023294509,-0.1088793636262104
174,6.55,37.69,Deficit irrigation,Vegetable,Onion,1244.2029,1625.9065,6.0638013,21.604473,48.196587,275.0,34.900001525878906,6.5,36.79999923706055,40,water use efficiency,2.0,0.6931471805599453
174,6.55,37.69,Deficit irrigation,Vegetable,Onion,1244.2029,1625.9065,6.0638013,21.604473,48.196587,275.0,34.900001525878906,6.5,36.79999923706055,40,water use efficiency,2.0,0.6931471805599453
184,12.83,37.4,Deficit irrigation,Root & tuber,Potato,913.36566,1348.8087,18.081886,22.983717,119.05188,153.0,33.79999923706055,6.200000286102295,46.5,30,yield,0.3396226415094339,-1.0799201556559572
184,12.83,37.4,Deficit irrigation,Root & tuber,Potato,913.36566,1348.8087,18.081886,22.983717,119.05188,153.0,33.79999923706055,6.200000286102295,46.5,30,yield,0.5712626995645863,-0.5599061058355603
184,12.83,37.4,Deficit irrigation,Root & tuber,Potato,913.36566,1348.8087,18.081886,22.983717,119.05188,153.0,33.79999923706055,6.200000286102295,46.5,30,yield,0.7741654571843251,-0.2559696592657447
184,12.83,37.4,Deficit irrigation,Root & tuber,Potato,913.36566,1348.8087,18.081886,22.983717,119.05188,153.0,33.79999923706055,6.200000286102295,46.5,30,yield,0.1927431059506531,-1.6463970339713252
184,12.83,37.4,Deficit irrigation,Root & tuber,Potato,913.36566,1348.8087,18.081886,22.983717,119.05188,153.0,33.79999923706055,6.200000286102295,46.5,30,yield,0.1985486211901306,-1.6167212658252086
184,12.83,37.4,Deficit irrigation,Root & tuber,Potato,913.36566,1348.8087,18.081886,22.983717,119.05188,153.0,33.79999923706055,6.200000286102295,46.5,30,yield,0.3663280116110304,-1.0042261403466006
184,12.83,37.4,Deficit irrigation,Root & tuber,Potato,913.36566,1348.8087,18.081886,22.983717,119.05188,153.0,33.79999923706055,6.200000286102295,46.5,30,yield,0.6650217706821481,-0.4079355009942634
184,12.83,37.4,Deficit irrigation,Root & tuber,Potato,913.36566,1348.8087,18.081886,22.983717,119.05188,153.0,33.79999923706055,6.200000286102295,46.5,30,yield,0.8232220609579101,-0.1945292957957407
184,12.83,37.4,Deficit irrigation,Root & tuber,Potato,913.36566,1348.8087,18.081886,22.983717,119.05188,153.0,33.79999923706055,6.200000286102295,46.5,30,water use efficiency,1.0,0.0
184,12.83,37.4,Deficit irrigation,Root & tuber,Potato,913.36566,1348.8087,18.081886,22.983717,119.05188,153.0,33.79999923706055,6.200000286102295,46.5,30,water use efficiency,1.2,0.1823215567939546
184,12.83,37.4,Deficit irrigation,Root & tuber,Potato,913.36566,1348.8087,18.081886,22.983717,119.05188,153.0,33.79999923706055,6.200000286102295,46.5,30,water use efficiency,0.8,-0.2231435513142097
184,12.83,37.4,Deficit irrigation,Root & tuber,Potato,913.36566,1348.8087,18.081886,22.983717,119.05188,153.0,33.79999923706055,6.200000286102295,46.5,30,water use efficiency,0.4,-0.916290731874155
184,12.83,37.4,Deficit irrigation,Root & tuber,Potato,913.36566,1348.8087,18.081886,22.983717,119.05188,153.0,33.79999923706055,6.200000286102295,46.5,30,water use efficiency,0.6,-0.5108256237659907
184,12.83,37.4,Deficit irrigation,Root & tuber,Potato,913.36566,1348.8087,18.081886,22.983717,119.05188,153.0,33.79999923706055,6.200000286102295,46.5,30,water use efficiency,1.4,0.3364722366212129
171,7.55,37.89,drip irrigation,Vegetable,Cabbage,1044.745,2246.0916,3.691639,16.808764,60.692387,273.0,35.5,6.099999904632568,39.60000228881836,40,yield,1.4634146341463414,0.3807724955177928
171,7.55,37.89,drip irrigation,Vegetable,Carrot,1044.745,2246.0916,3.691639,16.808764,60.692387,273.0,35.5,6.099999904632568,39.60000228881836,40,yield,1.7894736842105263,0.581921545449721
171,7.55,37.89,drip irrigation,Vegetable,Cabbage,1044.745,2246.0916,3.691639,16.808764,60.692387,273.0,35.5,6.099999904632568,39.60000228881836,40,water use efficiency,1.7777777777777777,0.5753641449035618
171,7.55,37.89,drip irrigation,Vegetable,Carrot,1044.745,2246.0916,3.691639,16.808764,60.692387,273.0,35.5,6.099999904632568,39.60000228881836,40,water use efficiency,2.0,0.6931471805599453
171,7.55,37.89,drip irrigation,Vegetable,Cabbage,1044.745,2246.0916,3.691639,16.808764,60.692387,273.0,35.5,6.099999904632568,39.60000228881836,40,yield,1.4090909090909092,0.3429447511268304
171,7.55,37.89,drip irrigation,Vegetable,Carrot,1044.745,2246.0916,3.691639,16.808764,60.692387,273.0,35.5,6.099999904632568,39.60000228881836,40,yield,1.8571428571428568,0.6190392084062235
171,7.55,37.89,drip irrigation,Vegetable,Cabbage,1044.745,2246.0916,3.691639,16.808764,60.692387,273.0,35.5,6.099999904632568,39.60000228881836,40,water use efficiency,1.4444444444444444,0.3677247801253173
171,7.55,37.89,drip irrigation,Vegetable,Carrot,1044.745,2246.0916,3.691639,16.808764,60.692387,273.0,35.5,6.099999904632568,39.60000228881836,40,water use efficiency,1.7142857142857142,0.5389965007326869
67,6.92,38.33,Drought tolerrant crops,Pulse,Common bean,1207.3842,1873.099,1.6201655,18.483347,45.878857,334.0,38.29999923706055,6.5,39.10000228881836,20,yield,3.4,1.2237754316221157
67,6.92,38.33,Drought tolerrant crops,Pulse,Common bean,1207.3842,1873.099,1.6201655,18.483347,45.878857,334.0,38.29999923706055,6.5,39.10000228881836,20,yield,3.835714285714286,1.3443556718995604
67,6.92,38.33,Drought tolerrant crops,Pulse,Common bean,1207.3842,1873.099,1.6201655,18.483347,45.878857,334.0,38.29999923706055,6.5,39.10000228881836,20,yield,4.571428571428571,1.519825753744413
67,6.92,38.33,Drought tolerrant crops,Pulse,Common bean,1207.3842,1873.099,1.6201655,18.483347,45.878857,334.0,38.29999923706055,6.5,39.10000228881836,20,yield,3.642857142857143,1.292768303109067
67,6.92,38.33,Drought tolerrant crops,Pulse,Common bean,1207.3842,1873.099,1.6201655,18.483347,45.878857,334.0,38.29999923706055,6.5,39.10000228881836,20,yield,0.9756302521008404,-0.0246716044076835
67,6.92,38.33,Drought tolerrant crops,Pulse,Common bean,1207.3842,1873.099,1.6201655,18.483347,45.878857,334.0,38.29999923706055,6.5,39.10000228881836,20,yield,1.1277310924369748,0.120207731426052
67,6.92,38.33,Drought tolerrant crops,Pulse,Common bean,1207.3842,1873.099,1.6201655,18.483347,45.878857,334.0,38.29999923706055,6.5,39.10000228881836,20,yield,1.1904761904761905,0.1743533871447777
67,6.92,38.33,Drought tolerrant crops,Pulse,Common bean,1207.3842,1873.099,1.6201655,18.483347,45.878857,334.0,38.29999923706055,6.5,39.10000228881836,20,yield,1.1428571428571428,0.1335313926245225
67,6.92,38.33,Drought tolerrant crops,Pulse,Soybean,1207.3842,1873.099,1.6201655,18.483347,45.878857,334.0,38.29999923706055,6.5,39.10000228881836,20,yield,1.5077399380804954,0.4106117998599333
67,6.92,38.33,Drought tolerrant crops,Pulse,Soybean,1207.3842,1873.099,1.6201655,18.483347,45.878857,334.0,38.29999923706055,6.5,39.10000228881836,20,yield,1.3219814241486068,0.279131690005968
67,6.92,38.33,Drought tolerrant crops,Pulse,Soybean,1207.3842,1873.099,1.6201655,18.483347,45.878857,334.0,38.29999923706055,6.5,39.10000228881836,20,yield,1.0743034055727554,0.0716724567242026
67,6.92,38.33,Drought tolerrant crops,Pulse,Soybean,1207.3842,1873.099,1.6201655,18.483347,45.878857,334.0,38.29999923706055,6.5,39.10000228881836,20,yield,1.569659442724458,0.4508586803685265
67,6.92,38.33,Drought tolerrant crops,Pulse,Soybean,1207.3842,1873.099,1.6201655,18.483347,45.878857,334.0,38.29999923706055,6.5,39.10000228881836,20,yield,1.0484901277584204,0.0473511557298363
67,6.92,38.33,Drought tolerrant crops,Pulse,Soybean,1207.3842,1873.099,1.6201655,18.483347,45.878857,334.0,38.29999923706055,6.5,39.10000228881836,20,yield,1.8066202090592327,0.5914578119099608
67,6.92,38.33,Drought tolerrant crops,Pulse,Soybean,1207.3842,1873.099,1.6201655,18.483347,45.878857,334.0,38.29999923706055,6.5,39.10000228881836,20,yield,1.919570267131243,0.6521013417859567
67,6.92,38.33,Drought tolerrant crops,Pulse,Soybean,1207.3842,1873.099,1.6201655,18.483347,45.878857,334.0,38.29999923706055,6.5,39.10000228881836,20,yield,1.6454703832752613,0.4980262906219978
71,11.0,39.83,Exclosure,Grassland-Rangeland,Exclosure,1007.33014,2012.0597,20.201855,18.753263,95.31199,243.0,32.10000228881836,6.800000190734863,41.10000228881836,20,soil loss,0.3541666666666667,-1.0379876668516748
99,12.41,37.55,Exclosure,Pulse,Field pea,1099.0571,1930.1132,3.4553103,19.480835,113.10355,184.0,48.900001525878906,6.700000286102295,25.30000114440918,40,yield,1.7857142857142858,0.5798184952529422
99,12.41,37.55,Exclosure,Pulse,Field pea,1099.0571,1930.1132,3.4553103,19.480835,113.10355,184.0,48.900001525878906,6.700000286102295,25.30000114440918,40,soil loss,0.1538461538461538,-1.871802176901592
99,12.41,37.55,Exclosure,Pulse,Field pea,1099.0571,1930.1132,3.4553103,19.480835,113.10355,184.0,48.900001525878906,6.700000286102295,25.30000114440918,40,runoff,0.5239043824701195,-0.6464460875139647
99,12.41,37.55,Exclosure,Cereal,Wheat,1099.0571,1930.1132,3.4553103,19.480835,113.10355,184.0,48.900001525878906,6.700000286102295,25.30000114440918,40,yield,1.0252100840336134,0.024897551621727
99,12.41,37.55,Exclosure,Cereal,Wheat,1099.0571,1930.1132,3.4553103,19.480835,113.10355,184.0,48.900001525878906,6.700000286102295,25.30000114440918,40,runoff,0.6338028169014085,-0.4560173872709956
99,12.41,37.55,Exclosure,Cereal,Wheat,1099.0571,1930.1132,3.4553103,19.480835,113.10355,184.0,48.900001525878906,6.700000286102295,25.30000114440918,40,yield,1.2050420168067226,0.1865144350539905
99,12.41,37.55,Exclosure,Cropland,Cropland,1099.0571,1930.1132,3.4553103,19.480835,113.10355,184.0,48.900001525878906,6.700000286102295,25.30000114440918,40,yield,1.43,0.3576744442718159
99,12.41,37.55,Exclosure,Cropland,Cropland,1099.0571,1930.1132,3.4553103,19.480835,113.10355,184.0,48.900001525878906,6.700000286102295,25.30000114440918,40,yield,1.522063815342838,0.420067187169475
99,12.41,37.55,Exclosure,Cropland,Cropland,1099.0571,1930.1132,3.4553103,19.480835,113.10355,184.0,48.900001525878906,6.700000286102295,25.30000114440918,40,yield,1.5466666666666666,0.4361020775700542
99,12.41,37.55,Exclosure,Cereal,Barley,1099.0571,1930.1132,3.4553103,19.480835,113.10355,184.0,48.900001525878906,6.700000286102295,25.30000114440918,40,yield,1.225116900467602,0.2030362683967818
99,12.41,37.55,Exclosure,Cereal,Barley,1099.0571,1930.1132,3.4553103,19.480835,113.10355,184.0,48.900001525878906,6.700000286102295,25.30000114440918,40,SOM content,1.25,0.2231435513142097
99,12.41,37.55,Exclosure,Cropland,Cropland,1099.0571,1930.1132,3.4553103,19.480835,113.10355,184.0,48.900001525878906,6.700000286102295,25.30000114440918,40,runoff,0.5573770491803278,-0.5845133395571499
99,12.41,37.55,Exclosure,Cropland,Cropland,1099.0571,1930.1132,3.4553103,19.480835,113.10355,184.0,48.900001525878906,6.700000286102295,25.30000114440918,40,soil loss,0.6666666666666666,-0.4054651081081644
99,12.41,37.55,Exclosure,Cropland,Cropland,1099.0571,1930.1132,3.4553103,19.480835,113.10355,184.0,48.900001525878906,6.700000286102295,25.30000114440918,40,runoff,0.3770491803278688,-0.9753796482441616
99,12.41,37.55,Exclosure,Cropland,Cropland,1099.0571,1930.1132,3.4553103,19.480835,113.10355,184.0,48.900001525878906,6.700000286102295,25.30000114440918,40,soil loss,0.3333333333333333,-1.0986122886681098
117,7.41,38.25,Exclosure,Cereal,Teff,975.34515,1880.71,7.6885242,18.57686,56.295868,273.0,41.400001525878906,6.700000286102295,34.400001525878906,30,yield,0.7885763000852515,-0.2375261111410503
117,7.41,38.25,Exclosure,Cereal,Teff,975.34515,1880.71,7.6885242,18.57686,56.295868,273.0,41.400001525878906,6.700000286102295,34.400001525878906,30,soil loss,0.5,-0.6931471805599453
117,7.41,38.25,Exclosure,Cereal,Teff,975.34515,1880.71,7.6885242,18.57686,56.295868,273.0,41.400001525878906,6.700000286102295,34.400001525878906,30,runoff,0.8387096774193549,-0.1758906664636641
117,7.41,38.25,Exclosure,Cropland,Cropland,975.34515,1880.71,7.6885242,18.57686,56.295868,273.0,41.400001525878906,6.700000286102295,34.400001525878906,30,yield,0.9866666666666668,-0.0134230203321406
117,7.41,38.25,Exclosure,Cropland,Cropland,975.34515,1880.71,7.6885242,18.57686,56.295868,273.0,41.400001525878906,6.700000286102295,34.400001525878906,30,yield,0.9242424242424242,-0.0787808778531143
188,8.95,37.87,furrow irrigation,Vegetable,Onion,1042.6129,2263.1328,7.147032,17.475767,83.80339,273.0,47.29999923706055,6.599999904632568,42.60000228881836,40,yield,0.925053533190578,-0.077903669424787
188,8.95,37.87,furrow irrigation,Vegetable,Onion,1042.6129,2263.1328,7.147032,17.475767,83.80339,273.0,47.29999923706055,6.599999904632568,42.60000228881836,40,yield,0.8029978586723768,-0.2194032316984865
188,8.95,37.87,furrow irrigation,Vegetable,Onion,1042.6129,2263.1328,7.147032,17.475767,83.80339,273.0,47.29999923706055,6.599999904632568,42.60000228881836,40,yield,0.6702355460385439,-0.4001260671287441
188,8.95,37.87,furrow irrigation,Vegetable,Onion,1042.6129,2263.1328,7.147032,17.475767,83.80339,273.0,47.29999923706055,6.599999904632568,42.60000228881836,40,yield,0.8372591006423983,-0.1776216976835315
188,8.95,37.87,furrow irrigation,Vegetable,Onion,1042.6129,2263.1328,7.147032,17.475767,83.80339,273.0,47.29999923706055,6.599999904632568,42.60000228881836,40,yield,0.702355460385439,-0.3533156492847536
188,8.95,37.87,furrow irrigation,Vegetable,Onion,1042.6129,2263.1328,7.147032,17.475767,83.80339,273.0,47.29999923706055,6.599999904632568,42.60000228881836,40,yield,0.6038543897216274,-0.5044221867307838
188,8.95,37.87,furrow irrigation,Vegetable,Onion,1042.6129,2263.1328,7.147032,17.475767,83.80339,273.0,47.29999923706055,6.599999904632568,42.60000228881836,40,yield,0.5460385438972163,-0.6050657125104711
188,8.95,37.87,furrow irrigation,Vegetable,Onion,1042.6129,2263.1328,7.147032,17.475767,83.80339,273.0,47.29999923706055,6.599999904632568,42.60000228881836,40,yield,0.6359743040685225,-0.4525971188661976
188,8.95,37.87,furrow irrigation,Vegetable,Onion,1042.6129,2263.1328,7.147032,17.475767,83.80339,273.0,47.29999923706055,6.599999904632568,42.60000228881836,40,water use efficiency,1.4025974025974026,0.3383258052705358
188,8.95,37.87,furrow irrigation,Vegetable,Onion,1042.6129,2263.1328,7.147032,17.475767,83.80339,273.0,47.29999923706055,6.599999904632568,42.60000228881836,40,water use efficiency,1.3506493506493509,0.3005854772876888
188,8.95,37.87,furrow irrigation,Vegetable,Onion,1042.6129,2263.1328,7.147032,17.475767,83.80339,273.0,47.29999923706055,6.599999904632568,42.60000228881836,40,water use efficiency,1.3766233766233766,0.3196336722583833
188,8.95,37.87,furrow irrigation,Vegetable,Onion,1042.6129,2263.1328,7.147032,17.475767,83.80339,273.0,47.29999923706055,6.599999904632568,42.60000228881836,40,water use efficiency,1.7012987012987013,0.5313919013474677
188,8.95,37.87,furrow irrigation,Vegetable,Onion,1042.6129,2263.1328,7.147032,17.475767,83.80339,273.0,47.29999923706055,6.599999904632568,42.60000228881836,40,water use efficiency,1.5974025974025974,0.4683789335187336
188,8.95,37.87,furrow irrigation,Vegetable,Onion,1042.6129,2263.1328,7.147032,17.475767,83.80339,273.0,47.29999923706055,6.599999904632568,42.60000228881836,40,water use efficiency,1.5194805194805194,0.4183685129440722
188,8.95,37.87,furrow irrigation,Vegetable,Onion,1042.6129,2263.1328,7.147032,17.475767,83.80339,273.0,47.29999923706055,6.599999904632568,42.60000228881836,40,water use efficiency,1.675324675324675,0.5160069825079883
188,8.95,37.87,furrow irrigation,Vegetable,Onion,1042.6129,2263.1328,7.147032,17.475767,83.80339,273.0,47.29999923706055,6.599999904632568,42.60000228881836,40,water use efficiency,1.922077922077922,0.6534068519104312
190,8.95,38.12,furrow irrigation_alternate,Vegetable,Tomato,953.83606,2302.5237,3.4749267,16.995825,84.05272,273.0,44.60000228881836,6.700000286102295,32.70000076293945,40,yield,0.8663471592889509,-0.14346957397225
190,8.95,38.12,furrow irrigation_alternate,Vegetable,Tomato,953.83606,2302.5237,3.4749267,16.995825,84.05272,273.0,44.60000228881836,6.700000286102295,32.70000076293945,40,yield,0.8376786336702684,-0.1771207440921839
190,8.95,38.12,furrow irrigation_alternate,Vegetable,Tomato,953.83606,2302.5237,3.4749267,16.995825,84.05272,273.0,44.60000228881836,6.700000286102295,32.70000076293945,40,yield,0.7619728128267689,-0.2718444026370186
190,8.95,38.12,furrow irrigation_alternate,Vegetable,Tomato,953.83606,2302.5237,3.4749267,16.995825,84.05272,273.0,44.60000228881836,6.700000286102295,32.70000076293945,40,yield,0.8124782154060648,-0.2076661769456077
190,8.95,38.12,furrow irrigation_alternate,Vegetable,Tomato,953.83606,2302.5237,3.4749267,16.995825,84.05272,273.0,44.60000228881836,6.700000286102295,32.70000076293945,40,yield,0.7383583130010457,-0.3033260532362574
190,8.95,38.12,furrow irrigation_alternate,Vegetable,Tomato,953.83606,2302.5237,3.4749267,16.995825,84.05272,273.0,44.60000228881836,6.700000286102295,32.70000076293945,40,yield,0.6894911118856745,-0.3718014724980378
190,8.95,38.12,furrow irrigation_alternate,Vegetable,Tomato,953.83606,2302.5237,3.4749267,16.995825,84.05272,273.0,44.60000228881836,6.700000286102295,32.70000076293945,40,yield,0.9167131404670616,-0.086960679583425
190,8.95,38.12,furrow irrigation_alternate,Vegetable,Tomato,953.83606,2302.5237,3.4749267,16.995825,84.05272,273.0,44.60000228881836,6.700000286102295,32.70000076293945,40,water use efficiency,2.2222222222222223,0.7985076962177716
190,8.95,38.12,furrow irrigation_alternate,Vegetable,Tomato,953.83606,2302.5237,3.4749267,16.995825,84.05272,273.0,44.60000228881836,6.700000286102295,32.70000076293945,40,water use efficiency,3.0,1.0986122886681098
190,8.95,38.12,furrow irrigation_alternate,Vegetable,Tomato,953.83606,2302.5237,3.4749267,16.995825,84.05272,273.0,44.60000228881836,6.700000286102295,32.70000076293945,40,water use efficiency,1.3333333333333333,0.2876820724517808
190,8.95,38.12,furrow irrigation_alternate,Vegetable,Tomato,953.83606,2302.5237,3.4749267,16.995825,84.05272,273.0,44.60000228881836,6.700000286102295,32.70000076293945,40,water use efficiency,1.5555555555555556,0.4418327522790392
190,8.95,38.12,furrow irrigation_alternate,Vegetable,Tomato,953.83606,2302.5237,3.4749267,16.995825,84.05272,273.0,44.60000228881836,6.700000286102295,32.70000076293945,40,water use efficiency,1.2222222222222223,0.2006706954621512
138,8.75,38.98,grazing management,Cereal,Wheat,875.09314,1934.1505,6.437672,17.593557,95.61275,214.0,41.10000228881836,7.0,22.89999961853028,20,yield,1.0,0.0
138,8.75,38.98,grazing management,Cereal,Wheat,875.09314,1934.1505,6.437672,17.593557,95.61275,214.0,41.10000228881836,7.0,22.89999961853028,20,yield,0.96,-0.0408219945202551
138,8.75,38.98,grazing management,Cereal,Wheat,875.09314,1934.1505,6.437672,17.593557,95.61275,214.0,41.10000228881836,7.0,22.89999961853028,20,yield,0.88,-0.1278333715098848
138,8.75,38.98,grazing management,Cereal,Wheat,875.09314,1934.1505,6.437672,17.593557,95.61275,214.0,41.10000228881836,7.0,22.89999961853028,20,yield,0.84,-0.1743533871447778
138,8.75,38.98,grazing management,Cereal,Wheat,875.09314,1934.1505,6.437672,17.593557,95.61275,214.0,41.10000228881836,7.0,22.89999961853028,20,yield,0.84,-0.1743533871447778
138,8.75,38.98,grazing management,Cereal,Teff,875.09314,1934.1505,6.437672,17.593557,95.61275,214.0,41.10000228881836,7.0,22.89999961853028,20,yield,0.9476678043230944,-0.0537512555183343
138,8.75,38.98,grazing management,Cereal,Wheat,875.09314,1934.1505,6.437672,17.593557,95.61275,214.0,41.10000228881836,7.0,22.89999961853028,20,yield,0.9123351435221102,-0.0917478744806151
138,8.75,38.98,grazing management,Cereal,Maize,875.09314,1934.1505,6.437672,17.593557,95.61275,214.0,41.10000228881836,7.0,22.89999961853028,20,yield,1.249625187406297,0.222843656275225
138,8.75,38.98,grazing management,Cereal,Finger millet,875.09314,1934.1505,6.437672,17.593557,95.61275,214.0,41.10000228881836,7.0,22.89999961853028,20,yield,0.9859249329758714,-0.0141750601622685
138,8.75,38.98,grazing management,Cereal,Teff,875.09314,1934.1505,6.437672,17.593557,95.61275,214.0,41.10000228881836,7.0,22.89999961853028,20,yield,1.252559726962457,0.2251892390375029
138,8.75,38.98,grazing management,Cereal,Wheat,875.09314,1934.1505,6.437672,17.593557,95.61275,214.0,41.10000228881836,7.0,22.89999961853028,20,yield,0.7222653219550039,-0.3253627256621202
11,7.55,38.67,In-situ water harvesting,Cereal,Maize,680.3143,1653.1543,0.28314656,19.856647,63.471554,214.0,27.200000762939453,7.599999904632568,33.5,40,yield,1.2592592592592593,0.2305236586118323
11,7.55,38.67,In-situ water harvesting,Cereal,Maize,680.3143,1653.1543,0.28314656,19.856647,63.471554,214.0,27.200000762939453,7.599999904632568,33.5,40,biomass yield,1.2153846153846153,0.1950605825713843
11,7.55,38.67,In-situ water harvesting,Cereal,Maize,680.3143,1653.1543,0.28314656,19.856647,63.471554,214.0,27.200000762939453,7.599999904632568,33.5,40,water use efficiency,1.0,0.0
33,8.42,39.66,In-situ water harvesting,Cereal,Sorghum,894.62,1845.6617,11.528226,18.846788,78.51728,245.0,32.20000076293945,7.300000190734863,31.0,40,yield,1.742928452579035,0.5555667172610852
66,6.93,37.65,In-situ water harvesting,Pulse,Common bean,1486.4373,2046.759,7.4999332,19.416557,53.41811,334.0,33.60000228881836,5.800000190734863,40.5,10,yield,7.142857142857143,1.9661128563728327
66,6.93,37.65,In-situ water harvesting,Pulse,Common bean,1486.4373,2046.759,7.4999332,19.416557,53.41811,334.0,33.60000228881836,5.800000190734863,40.5,10,yield,4.3478260869565215,1.4696759700589417
66,6.93,37.65,In-situ water harvesting,Pulse,Common bean,1486.4373,2046.759,7.4999332,19.416557,53.41811,334.0,33.60000228881836,5.800000190734863,40.5,10,water use efficiency,1.0,0.0
60,7.05,38.47,Intercropping,Cereal,Maize,999.09607,1692.6757,0.91359246,19.661478,47.787884,273.0,32.10000228881836,6.5,56.79999923706055,50,yield,4.209213051823417,1.4372757066645214
60,7.05,38.47,Intercropping,Cereal,Maize,999.09607,1692.6757,0.91359246,19.661478,47.787884,273.0,32.10000228881836,6.5,56.79999923706055,50,yield,3.886771300448431,1.3575788131050142
60,7.05,38.47,Intercropping,Cereal,Maize,999.09607,1692.6757,0.91359246,19.661478,47.787884,273.0,32.10000228881836,6.5,56.79999923706055,50,yield,4.159420289855072,1.4253757111623615
60,7.05,38.47,Intercropping,Cereal,Maize,999.09607,1692.6757,0.91359246,19.661478,47.787884,273.0,32.10000228881836,6.5,56.79999923706055,50,yield,3.92033796016898,1.366177864414951
60,7.05,38.47,Intercropping,Cereal,Maize,999.09607,1692.6757,0.91359246,19.661478,47.787884,273.0,32.10000228881836,6.5,56.79999923706055,50,yield,4.037014563106796,1.3955054492724706
60,7.05,38.47,Intercropping,Cereal,Mixed cereals,999.09607,1692.6757,0.91359246,19.661478,47.787884,273.0,32.10000228881836,6.5,56.79999923706055,50,soil loss,0.1932773109243697,-1.6436292771823795
60,7.05,38.47,Intercropping,Cereal,Maize,999.09607,1692.6757,0.91359246,19.661478,47.787884,273.0,32.10000228881836,6.5,56.79999923706055,50,yield,1.0,0.0
60,7.05,38.47,Intercropping,Cereal,Maize,999.09607,1692.6757,0.91359246,19.661478,47.787884,273.0,32.10000228881836,6.5,56.79999923706055,50,yield,1.164386737769534,0.1521945430696872
60,7.05,38.47,Intercropping,Cereal,Maize,999.09607,1692.6757,0.91359246,19.661478,47.787884,273.0,32.10000228881836,6.5,56.79999923706055,50,yield,1.363783909111987,0.3102631224660971
60,7.05,38.47,Intercropping,Cereal,Maize,999.09607,1692.6757,0.91359246,19.661478,47.787884,273.0,32.10000228881836,6.5,56.79999923706055,50,yield,1.2325527475075353,0.2090874231852927
60,7.05,38.47,Intercropping,Cereal,Maize,999.09607,1692.6757,0.91359246,19.661478,47.787884,273.0,32.10000228881836,6.5,56.79999923706055,50,yield,1.388592626941804,0.3282907356166192
60,7.05,38.47,Intercropping,Cereal,Maize,999.09607,1692.6757,0.91359246,19.661478,47.787884,273.0,32.10000228881836,6.5,56.79999923706055,50,yield,1.2847206121029446,0.2505412722195065
60,7.05,38.47,Intercropping,Cereal,Maize,999.09607,1692.6757,0.91359246,19.661478,47.787884,273.0,32.10000228881836,6.5,56.79999923706055,50,yield,1.0,0.0
60,7.05,38.47,Intercropping,Cereal,Maize,999.09607,1692.6757,0.91359246,19.661478,47.787884,273.0,32.10000228881836,6.5,56.79999923706055,50,yield,1.281335773101555,0.2479031065236246
60,7.05,38.47,Intercropping,Cereal,Maize,999.09607,1692.6757,0.91359246,19.661478,47.787884,273.0,32.10000228881836,6.5,56.79999923706055,50,yield,1.2619701128392802,0.23267408146084
60,7.05,38.47,Intercropping,Cereal,Maize,999.09607,1692.6757,0.91359246,19.661478,47.787884,273.0,32.10000228881836,6.5,56.79999923706055,50,yield,1.2630375114364136,0.2335195431936706
60,7.05,38.47,Intercropping,Cereal,Maize,999.09607,1692.6757,0.91359246,19.661478,47.787884,273.0,32.10000228881836,6.5,56.79999923706055,50,yield,1.3048185422384873,0.2660639830134612
60,7.05,38.47,Intercropping,Cereal,Maize,999.09607,1692.6757,0.91359246,19.661478,47.787884,273.0,32.10000228881836,6.5,56.79999923706055,50,yield,1.2665446782555658,0.2362924667861053
131,8.75,38.98,Intercropping,Cereal,Maize,875.09314,1934.1505,6.437672,17.593557,95.61275,214.0,41.10000228881836,7.0,22.89999961853028,20,yield,1.0,0.0
131,8.75,38.98,Intercropping,Cereal,Maize,875.09314,1934.1505,6.437672,17.593557,95.61275,214.0,41.10000228881836,7.0,22.89999961853028,20,yield,1.2,0.1823215567939546
131,8.75,38.98,Intercropping,Cereal,Maize,875.09314,1934.1505,6.437672,17.593557,95.61275,214.0,41.10000228881836,7.0,22.89999961853028,20,yield,1.15,0.1397619423751586
131,8.75,38.98,Intercropping,Cereal,Maize,875.09314,1934.1505,6.437672,17.593557,95.61275,214.0,41.10000228881836,7.0,22.89999961853028,20,yield,1.15,0.1397619423751586
131,8.75,38.98,Intercropping,Cereal,Maize,875.09314,1934.1505,6.437672,17.593557,95.61275,214.0,41.10000228881836,7.0,22.89999961853028,20,yield,1.1,0.0953101798043249
131,8.75,38.98,Intercropping,Cereal,Maize,875.09314,1934.1505,6.437672,17.593557,95.61275,214.0,41.10000228881836,7.0,22.89999961853028,20,yield,1.0,0.0
131,8.75,38.98,Intercropping,Cereal,Maize,875.09314,1934.1505,6.437672,17.593557,95.61275,214.0,41.10000228881836,7.0,22.89999961853028,20,yield,1.3333333333333333,0.2876820724517808
131,8.75,38.98,Intercropping,Cereal,Maize,875.09314,1934.1505,6.437672,17.593557,95.61275,214.0,41.10000228881836,7.0,22.89999961853028,20,yield,0.6,-0.5108256237659907
144,8.01,39.16,Intercropping,Cereal,Wheat,927.7965,2224.8406,5.5481224,15.808911,65.01212,273.0,40.0,6.599999904632568,37.400001525878906,40,yield,0.8614232209737828,-0.1491693494770541
144,8.01,39.16,Intercropping,Pulse,Faba bean,927.7965,2224.8406,5.5481224,15.808911,65.01212,273.0,40.0,6.599999904632568,37.400001525878906,40,yield,0.9251336898395722,-0.0778170223568076
144,8.01,39.16,Intercropping,Cereal,Wheat,927.7965,2224.8406,5.5481224,15.808911,65.01212,273.0,40.0,6.599999904632568,37.400001525878906,40,yield,0.876425855513308,-0.1319031697410613
144,8.01,39.16,Intercropping,Pulse,Faba bean,927.7965,2224.8406,5.5481224,15.808911,65.01212,273.0,40.0,6.599999904632568,37.400001525878906,40,yield,0.8127659574468085,-0.2073120860975291
144,8.01,39.16,Intercropping,Cropland,Cropland,927.7965,2224.8406,5.5481224,15.808911,65.01212,273.0,40.0,6.599999904632568,37.400001525878906,40,yield,0.8614232209737828,-0.1491693494770541
144,8.01,39.16,Intercropping,Cropland,Cropland,927.7965,2224.8406,5.5481224,15.808911,65.01212,273.0,40.0,6.599999904632568,37.400001525878906,40,yield,0.9251336898395722,-0.0778170223568076
144,8.01,39.16,Intercropping,Cropland,Cropland,927.7965,2224.8406,5.5481224,15.808911,65.01212,273.0,40.0,6.599999904632568,37.400001525878906,40,yield,0.876425855513308,-0.1319031697410613
144,8.01,39.16,Intercropping,Cropland,Cropland,927.7965,2224.8406,5.5481224,15.808911,65.01212,273.0,40.0,6.599999904632568,37.400001525878906,40,yield,0.8127659574468085,-0.2073120860975291
144,8.01,39.16,Intercropping,Cropland,Cropland,927.7965,2224.8406,5.5481224,15.808911,65.01212,273.0,40.0,6.599999904632568,37.400001525878906,40,yield,0.7747747747747747,-0.2551829050588264
144,8.01,39.16,Intercropping,Cropland,Cropland,927.7965,2224.8406,5.5481224,15.808911,65.01212,273.0,40.0,6.599999904632568,37.400001525878906,40,yield,0.8282208588957055,-0.1884754223683329
144,8.01,39.16,Intercropping,Cereal,Wheat,927.7965,2224.8406,5.5481224,15.808911,65.01212,273.0,40.0,6.599999904632568,37.400001525878906,40,yield,1.0,0.0
144,8.01,39.16,Intercropping,Cereal,Wheat,927.7965,2224.8406,5.5481224,15.808911,65.01212,273.0,40.0,6.599999904632568,37.400001525878906,40,yield,1.2144578313253012,0.1942977478406702
144,8.01,39.16,Intercropping,Cereal,Wheat,927.7965,2224.8406,5.5481224,15.808911,65.01212,273.0,40.0,6.599999904632568,37.400001525878906,40,yield,1.3397590361445784,0.2924897740198841
144,8.01,39.16,Intercropping,Cereal,Wheat,927.7965,2224.8406,5.5481224,15.808911,65.01212,273.0,40.0,6.599999904632568,37.400001525878906,40,yield,1.2409638554216869,0.2158883804330379
144,8.01,39.16,Intercropping,Cereal,Wheat,927.7965,2224.8406,5.5481224,15.808911,65.01212,273.0,40.0,6.599999904632568,37.400001525878906,40,yield,1.2481927710843377,0.2216967220287848
144,8.01,39.16,Intercropping,Cereal,Wheat,927.7965,2224.8406,5.5481224,15.808911,65.01212,273.0,40.0,6.599999904632568,37.400001525878906,40,yield,1.43855421686747,0.3636385931619038
144,8.01,39.16,Intercropping,Cereal,Wheat,927.7965,2224.8406,5.5481224,15.808911,65.01212,273.0,40.0,6.599999904632568,37.400001525878906,40,yield,1.1012048192771084,0.0964048706635064
144,8.98,38.75,Intercropping,Cereal,Wheat,1059.4388,2287.4502,1.5729383,16.74764,87.22748,273.0,38.29999923706055,6.599999904632568,26.0,50,yield,1.0,0.0
144,8.98,38.75,Intercropping,Cereal,Wheat,1059.4388,2287.4502,1.5729383,16.74764,87.22748,273.0,38.29999923706055,6.599999904632568,26.0,50,yield,1.5193798449612403,0.4183022548688451
144,8.98,38.75,Intercropping,Cereal,Wheat,1059.4388,2287.4502,1.5729383,16.74764,87.22748,273.0,38.29999923706055,6.599999904632568,26.0,50,yield,0.9767441860465116,-0.0235304974101941
144,8.98,38.75,Intercropping,Cereal,Wheat,1059.4388,2287.4502,1.5729383,16.74764,87.22748,273.0,38.29999923706055,6.599999904632568,26.0,50,yield,0.9457364341085271,-0.0557913596284155
144,8.98,38.75,Intercropping,Cereal,Wheat,1059.4388,2287.4502,1.5729383,16.74764,87.22748,273.0,38.29999923706055,6.599999904632568,26.0,50,yield,1.5116279069767442,0.4131871542020747
144,8.98,38.75,Intercropping,Cereal,Wheat,1059.4388,2287.4502,1.5729383,16.74764,87.22748,273.0,38.29999923706055,6.599999904632568,26.0,50,yield,0.8992248062015504,-0.1062222132553074
144,8.98,38.75,Intercropping,Cereal,Wheat,1059.4388,2287.4502,1.5729383,16.74764,87.22748,273.0,38.29999923706055,6.599999904632568,26.0,50,yield,0.7829457364341085,-0.2446918875204127
144,8.98,38.75,Intercropping,Cereal,Wheat,1059.4388,2287.4502,1.5729383,16.74764,87.22748,273.0,38.29999923706055,6.599999904632568,26.0,50,biomass yield,1.0,0.0
144,8.98,38.75,Intercropping,Cereal,Wheat,1059.4388,2287.4502,1.5729383,16.74764,87.22748,273.0,38.29999923706055,6.599999904632568,26.0,50,biomass yield,1.3670886075949369,0.3126833746571981
144,8.98,38.75,Intercropping,Cereal,Wheat,1059.4388,2287.4502,1.5729383,16.74764,87.22748,273.0,38.29999923706055,6.599999904632568,26.0,50,biomass yield,1.0632911392405062,0.061368946376292
144,8.98,38.75,Intercropping,Cereal,Wheat,1059.4388,2287.4502,1.5729383,16.74764,87.22748,273.0,38.29999923706055,6.599999904632568,26.0,50,biomass yield,0.8776371308016878,-0.1305220614338131
144,8.98,38.75,Intercropping,Cereal,Wheat,1059.4388,2287.4502,1.5729383,16.74764,87.22748,273.0,38.29999923706055,6.599999904632568,26.0,50,biomass yield,1.1645569620253164,0.1523407245820188
144,8.98,38.75,Intercropping,Cereal,Wheat,1059.4388,2287.4502,1.5729383,16.74764,87.22748,273.0,38.29999923706055,6.599999904632568,26.0,50,biomass yield,0.9324894514767932,-0.0698974396173783
144,8.98,38.75,Intercropping,Cereal,Wheat,1059.4388,2287.4502,1.5729383,16.74764,87.22748,273.0,38.29999923706055,6.599999904632568,26.0,50,biomass yield,0.8270042194092827,-0.1899454819046139
158,7.05,38.47,Intercropping,Cereal,Maize,999.09607,1692.6757,0.91359246,19.661478,47.787884,273.0,32.10000228881836,6.5,56.79999923706055,50,biomass yield,1.0,0.0
158,7.05,38.47,Intercropping,Cereal,Maize,999.09607,1692.6757,0.91359246,19.661478,47.787884,273.0,32.10000228881836,6.5,56.79999923706055,50,biomass yield,9.166666666666666,2.215573716004416
158,7.05,38.47,Intercropping,Cereal,Maize,999.09607,1692.6757,0.91359246,19.661478,47.787884,273.0,32.10000228881836,6.5,56.79999923706055,50,biomass yield,9.6875,2.270836394679465
158,7.05,38.47,Intercropping,Cereal,Maize,999.09607,1692.6757,0.91359246,19.661478,47.787884,273.0,32.10000228881836,6.5,56.79999923706055,50,biomass yield,1.0,0.0
158,7.05,38.47,Intercropping,Cereal,Maize,999.09607,1692.6757,0.91359246,19.661478,47.787884,273.0,32.10000228881836,6.5,56.79999923706055,50,biomass yield,1.0769230769230769,0.0741079721537218
158,7.05,38.47,Intercropping,Cereal,Maize,999.09607,1692.6757,0.91359246,19.661478,47.787884,273.0,32.10000228881836,6.5,56.79999923706055,50,biomass yield,1.0833333333333333,0.0800427076735363
158,7.05,38.47,Intercropping,Cereal,Maize,999.09607,1692.6757,0.91359246,19.661478,47.787884,273.0,32.10000228881836,6.5,56.79999923706055,50,biomass yield,1.0,0.0
158,7.05,38.47,Intercropping,Cereal,Maize,999.09607,1692.6757,0.91359246,19.661478,47.787884,273.0,32.10000228881836,6.5,56.79999923706055,50,biomass yield,1.0116959064327486,0.0116280379951192
158,7.05,38.47,Intercropping,Cereal,Maize,999.09607,1692.6757,0.91359246,19.661478,47.787884,273.0,32.10000228881836,6.5,56.79999923706055,50,biomass yield,0.9883040935672516,-0.0117648415795863
158,7.05,38.47,Intercropping,Cereal,Maize,999.09607,1692.6757,0.91359246,19.661478,47.787884,273.0,32.10000228881836,6.5,56.79999923706055,50,biomass yield,1.0,0.0
158,7.05,38.47,Intercropping,Cereal,Maize,999.09607,1692.6757,0.91359246,19.661478,47.787884,273.0,32.10000228881836,6.5,56.79999923706055,50,biomass yield,1.0,0.0
158,7.05,38.47,Intercropping,Cereal,Maize,999.09607,1692.6757,0.91359246,19.661478,47.787884,273.0,32.10000228881836,6.5,56.79999923706055,50,biomass yield,1.3055555555555556,0.2666286632539486
158,7.05,38.47,Intercropping,Cereal,Maize,999.09607,1692.6757,0.91359246,19.661478,47.787884,273.0,32.10000228881836,6.5,56.79999923706055,50,biomass yield,1.5277777777777777,0.4238142467763608
158,7.05,38.47,Intercropping,Cereal,Maize,999.09607,1692.6757,0.91359246,19.661478,47.787884,273.0,32.10000228881836,6.5,56.79999923706055,50,yield,1.0,0.0
158,7.05,38.47,Intercropping,Cereal,Maize,999.09607,1692.6757,0.91359246,19.661478,47.787884,273.0,32.10000228881836,6.5,56.79999923706055,50,yield,1.2897196261682242,0.2544248506952984
158,7.05,38.47,Intercropping,Cereal,Maize,999.09607,1692.6757,0.91359246,19.661478,47.787884,273.0,32.10000228881836,6.5,56.79999923706055,50,yield,0.8130841121495327,-0.2069207158073225
158,7.05,38.47,Intercropping,Cereal,Maize,999.09607,1692.6757,0.91359246,19.661478,47.787884,273.0,32.10000228881836,6.5,56.79999923706055,50,yield,1.0,0.0
158,7.05,38.47,Intercropping,Cereal,Maize,999.09607,1692.6757,0.91359246,19.661478,47.787884,273.0,32.10000228881836,6.5,56.79999923706055,50,yield,1.0408163265306123,0.0400053346136992
158,7.05,38.47,Intercropping,Cereal,Maize,999.09607,1692.6757,0.91359246,19.661478,47.787884,273.0,32.10000228881836,6.5,56.79999923706055,50,yield,1.326530612244898,0.2825669717850104
158,7.05,38.47,Intercropping,Cereal,Maize,999.09607,1692.6757,0.91359246,19.661478,47.787884,273.0,32.10000228881836,6.5,56.79999923706055,50,yield,1.0,0.0
158,7.05,38.47,Intercropping,Cereal,Maize,999.09607,1692.6757,0.91359246,19.661478,47.787884,273.0,32.10000228881836,6.5,56.79999923706055,50,yield,1.0,0.0
158,7.05,38.47,Intercropping,Cereal,Maize,999.09607,1692.6757,0.91359246,19.661478,47.787884,273.0,32.10000228881836,6.5,56.79999923706055,50,yield,0.9174311926605504,-0.0861776962410522
158,7.05,38.47,Intercropping,Cereal,Maize,999.09607,1692.6757,0.91359246,19.661478,47.787884,273.0,32.10000228881836,6.5,56.79999923706055,50,yield,0.7522935779816514,-0.2846286349648905
158,7.05,38.47,Intercropping,Cereal,Maize,999.09607,1692.6757,0.91359246,19.661478,47.787884,273.0,32.10000228881836,6.5,56.79999923706055,50,yield,1.0,0.0
158,7.05,38.47,Intercropping,Cereal,Maize,999.09607,1692.6757,0.91359246,19.661478,47.787884,273.0,32.10000228881836,6.5,56.79999923706055,50,yield,1.4516129032258065,0.3726752852851735
158,7.05,38.47,Intercropping,Cereal,Maize,999.09607,1692.6757,0.91359246,19.661478,47.787884,273.0,32.10000228881836,6.5,56.79999923706055,50,yield,2.2419354838709675,0.8073395480856002
158,7.05,38.47,Intercropping,Cereal,Maize,999.09607,1692.6757,0.91359246,19.661478,47.787884,273.0,32.10000228881836,6.5,56.79999923706055,50,yield,1.0,0.0
158,7.05,38.47,Intercropping,Cereal,Maize,999.09607,1692.6757,0.91359246,19.661478,47.787884,273.0,32.10000228881836,6.5,56.79999923706055,50,yield,0.6952380952380952,-0.3635009090091323
158,7.05,38.47,Intercropping,Cereal,Maize,999.09607,1692.6757,0.91359246,19.661478,47.787884,273.0,32.10000228881836,6.5,56.79999923706055,50,yield,0.6047619047619047,-0.5029204442588775
158,7.05,38.47,Intercropping,Cereal,Maize,999.09607,1692.6757,0.91359246,19.661478,47.787884,273.0,32.10000228881836,6.5,56.79999923706055,50,yield,1.0,0.0
158,7.05,38.47,Intercropping,Cereal,Maize,999.09607,1692.6757,0.91359246,19.661478,47.787884,273.0,32.10000228881836,6.5,56.79999923706055,50,yield,1.6916666666666669,0.5257142362597413
158,7.05,38.47,Intercropping,Cereal,Maize,999.09607,1692.6757,0.91359246,19.661478,47.787884,273.0,32.10000228881836,6.5,56.79999923706055,50,yield,1.3833333333333333,0.3244960455744972
158,7.05,38.47,Intercropping,Cereal,Maize,999.09607,1692.6757,0.91359246,19.661478,47.787884,273.0,32.10000228881836,6.5,56.79999923706055,50,income,1.0,0.0
158,7.05,38.47,Intercropping,Cereal,Maize,999.09607,1692.6757,0.91359246,19.661478,47.787884,273.0,32.10000228881836,6.5,56.79999923706055,50,income,0.9649217485159202,-0.0357082705519003
158,7.05,38.47,Intercropping,Cereal,Maize,999.09607,1692.6757,0.91359246,19.661478,47.787884,273.0,32.10000228881836,6.5,56.79999923706055,50,income,0.5304910955207771,-0.6339521061381932
158,7.05,38.47,Intercropping,Cereal,Maize,999.09607,1692.6757,0.91359246,19.661478,47.787884,273.0,32.10000228881836,6.5,56.79999923706055,50,income,1.0,0.0
158,7.05,38.47,Intercropping,Cereal,Maize,999.09607,1692.6757,0.91359246,19.661478,47.787884,273.0,32.10000228881836,6.5,56.79999923706055,50,income,1.0924812030075188,0.0884514423544834
158,7.05,38.47,Intercropping,Cereal,Maize,999.09607,1692.6757,0.91359246,19.661478,47.787884,273.0,32.10000228881836,6.5,56.79999923706055,50,income,1.412781954887218,0.3455607781976658
158,7.05,38.47,Intercropping,Cereal,Maize,999.09607,1692.6757,0.91359246,19.661478,47.787884,273.0,32.10000228881836,6.5,56.79999923706055,50,income,1.0,0.0
158,7.05,38.47,Intercropping,Cereal,Maize,999.09607,1692.6757,0.91359246,19.661478,47.787884,273.0,32.10000228881836,6.5,56.79999923706055,50,income,2.6559633027522938,0.9768074147839064
142,11.08,39.72,ISFM,Cereal,Barley,1016.93536,1845.5422,3.3995397,19.6177,92.12441,243.0,32.10000228881836,6.5,31.100000381469727,10,yield,1.0,0.0
142,11.08,39.72,ISFM,Cereal,Barley,1016.93536,1845.5422,3.3995397,19.6177,92.12441,243.0,32.10000228881836,6.5,31.100000381469727,10,yield,1.5,0.4054651081081644
142,11.08,39.72,ISFM,Cereal,Finger millet,1016.93536,1845.5422,3.3995397,19.6177,92.12441,243.0,32.10000228881836,6.5,31.100000381469727,10,yield,1.0,0.0
142,11.08,39.72,ISFM,Cereal,Finger millet,1016.93536,1845.5422,3.3995397,19.6177,92.12441,243.0,32.10000228881836,6.5,31.100000381469727,10,yield,1.4166666666666667,0.3483066942682158
142,11.08,39.72,ISFM,Root & tuber,Potato,1016.93536,1845.5422,3.3995397,19.6177,92.12441,243.0,32.10000228881836,6.5,31.100000381469727,10,yield,0.9597228237332178,-0.0411107614873209
142,11.08,39.72,ISFM,Root & tuber,Potato,1016.93536,1845.5422,3.3995397,19.6177,92.12441,243.0,32.10000228881836,6.5,31.100000381469727,10,yield,1.0485058466868775,0.0473661475835632
142,11.08,39.72,ISFM,Root & tuber,Potato,1016.93536,1845.5422,3.3995397,19.6177,92.12441,243.0,32.10000228881836,6.5,31.100000381469727,10,yield,1.1208315288003463,0.1140708462662958
142,11.08,39.72,ISFM,Root & tuber,Potato,1016.93536,1845.5422,3.3995397,19.6177,92.12441,243.0,32.10000228881836,6.5,31.100000381469727,10,yield,0.8928571428571429,-0.1133286853070031
142,11.08,39.72,ISFM,Root & tuber,Potato,1016.93536,1845.5422,3.3995397,19.6177,92.12441,243.0,32.10000228881836,6.5,31.100000381469727,10,yield,0.9415227629513344,-0.0602567538523593
142,11.08,39.72,ISFM,Root & tuber,Potato,1016.93536,1845.5422,3.3995397,19.6177,92.12441,243.0,32.10000228881836,6.5,31.100000381469727,10,yield,1.0047095761381477,0.0046985207815541
144,8.98,38.75,ISFM,Cereal,Wheat,1059.4388,2287.4502,1.5729383,16.74764,87.22748,273.0,38.29999923706055,6.599999904632568,26.0,50,yield,1.0,0.0
144,8.98,38.75,ISFM,Cereal,Wheat,1059.4388,2287.4502,1.5729383,16.74764,87.22748,273.0,38.29999923706055,6.599999904632568,26.0,50,yield,0.9928057553956836,-0.007220247973487
144,8.98,38.75,ISFM,Cereal,Wheat,1059.4388,2287.4502,1.5729383,16.74764,87.22748,273.0,38.29999923706055,6.599999904632568,26.0,50,yield,1.1079136690647482,0.1024786692829373
144,8.98,38.75,ISFM,Cereal,Wheat,1059.4388,2287.4502,1.5729383,16.74764,87.22748,273.0,38.29999923706055,6.599999904632568,26.0,50,yield,1.1079136690647482,0.1024786692829373
144,8.98,38.75,ISFM,Cereal,Wheat,1059.4388,2287.4502,1.5729383,16.74764,87.22748,273.0,38.29999923706055,6.599999904632568,26.0,50,biomass yield,1.0,0.0
144,8.98,38.75,ISFM,Cereal,Wheat,1059.4388,2287.4502,1.5729383,16.74764,87.22748,273.0,38.29999923706055,6.599999904632568,26.0,50,biomass yield,1.0977777777777775,0.093287934423557
144,8.98,38.75,ISFM,Cereal,Wheat,1059.4388,2287.4502,1.5729383,16.74764,87.22748,273.0,38.29999923706055,6.599999904632568,26.0,50,biomass yield,1.0355555555555556,0.0349380513612804
144,8.98,38.75,ISFM,Cereal,Wheat,1059.4388,2287.4502,1.5729383,16.74764,87.22748,273.0,38.29999923706055,6.599999904632568,26.0,50,biomass yield,1.24,0.2151113796169455
154,7.08,38.61,ISFM,Cereal,Maize,972.825,1716.3131,2.2851603,19.12646,48.142796,273.0,32.0,6.5,32.60000228881836,10,yield,1.0,0.0
154,7.08,38.61,ISFM,Cereal,Maize,972.825,1716.3131,2.2851603,19.12646,48.142796,273.0,32.0,6.5,32.60000228881836,10,yield,4.53030303030303,1.5107888313642608
154,7.08,38.61,ISFM,Cereal,Maize,972.825,1716.3131,2.2851603,19.12646,48.142796,273.0,32.0,6.5,32.60000228881836,10,yield,5.53030303030303,1.710242611556066
154,7.08,38.61,ISFM,Cereal,Maize,972.825,1716.3131,2.2851603,19.12646,48.142796,273.0,32.0,6.5,32.60000228881836,10,yield,4.803030303030303,1.5692470318508551
154,7.08,38.61,ISFM,Cereal,Maize,972.825,1716.3131,2.2851603,19.12646,48.142796,273.0,32.0,6.5,32.60000228881836,10,yield,4.803030303030303,1.5692470318508551
154,7.08,38.61,ISFM,Cereal,Maize,972.825,1716.3131,2.2851603,19.12646,48.142796,273.0,32.0,6.5,32.60000228881836,10,yield,4.909090909090909,1.591088773765904
154,7.08,38.61,ISFM,Cereal,Maize,972.825,1716.3131,2.2851603,19.12646,48.142796,273.0,32.0,6.5,32.60000228881836,10,yield,3.272727272727273,1.1856236656577397
154,7.08,38.61,ISFM,Cereal,Maize,972.825,1716.3131,2.2851603,19.12646,48.142796,273.0,32.0,6.5,32.60000228881836,10,yield,1.4848484848484849,0.3953127366441464
154,7.08,38.61,ISFM,Cereal,Maize,972.825,1716.3131,2.2851603,19.12646,48.142796,273.0,32.0,6.5,32.60000228881836,10,yield,2.0303030303030303,0.7081850579244858
154,7.08,38.61,ISFM,Cereal,Maize,972.825,1716.3131,2.2851603,19.12646,48.142796,273.0,32.0,6.5,32.60000228881836,10,yield,2.0454545454545454,0.7156200364120039
154,7.08,38.61,ISFM,Cereal,Maize,972.825,1716.3131,2.2851603,19.12646,48.142796,273.0,32.0,6.5,32.60000228881836,10,yield,0.7727272727272727,-0.2578291093020998
154,7.08,38.61,ISFM,Cereal,Maize,972.825,1716.3131,2.2851603,19.12646,48.142796,273.0,32.0,6.5,32.60000228881836,10,yield,1.3484848484848484,0.2989816277057142
154,7.08,38.61,ISFM,Cereal,Maize,972.825,1716.3131,2.2851603,19.12646,48.142796,273.0,32.0,6.5,32.60000228881836,10,biomass yield,1.0,0.0
154,7.08,38.61,ISFM,Cereal,Maize,972.825,1716.3131,2.2851603,19.12646,48.142796,273.0,32.0,6.5,32.60000228881836,10,biomass yield,2.367272727272727,0.8617385445419979
154,7.08,38.61,ISFM,Cereal,Maize,972.825,1716.3131,2.2851603,19.12646,48.142796,273.0,32.0,6.5,32.60000228881836,10,biomass yield,2.76,1.0152306797290584
154,7.08,38.61,ISFM,Cereal,Maize,972.825,1716.3131,2.2851603,19.12646,48.142796,273.0,32.0,6.5,32.60000228881836,10,biomass yield,2.5309090909090908,0.9285785626678484
154,7.08,38.61,ISFM,Cereal,Maize,972.825,1716.3131,2.2851603,19.12646,48.142796,273.0,32.0,6.5,32.60000228881836,10,biomass yield,2.72,1.000631880307906
154,7.08,38.61,ISFM,Cereal,Maize,972.825,1716.3131,2.2851603,19.12646,48.142796,273.0,32.0,6.5,32.60000228881836,10,biomass yield,2.447272727272728,0.8949742319781565
154,7.08,38.61,ISFM,Cereal,Maize,972.825,1716.3131,2.2851603,19.12646,48.142796,273.0,32.0,6.5,32.60000228881836,10,biomass yield,2.4145454545454546,0.8815110518098626
154,7.08,38.61,ISFM,Cereal,Maize,972.825,1716.3131,2.2851603,19.12646,48.142796,273.0,32.0,6.5,32.60000228881836,10,biomass yield,1.36,0.3074846997479607
154,7.08,38.61,ISFM,Cereal,Maize,972.825,1716.3131,2.2851603,19.12646,48.142796,273.0,32.0,6.5,32.60000228881836,10,biomass yield,1.7454545454545454,0.5570150062353653
154,7.08,38.61,ISFM,Cereal,Maize,972.825,1716.3131,2.2851603,19.12646,48.142796,273.0,32.0,6.5,32.60000228881836,10,biomass yield,1.661818181818182,0.5079122932276334
154,7.08,38.61,ISFM,Cereal,Maize,972.825,1716.3131,2.2851603,19.12646,48.142796,273.0,32.0,6.5,32.60000228881836,10,biomass yield,1.3709090909090909,0.3154740897814394
154,7.08,38.61,ISFM,Cereal,Maize,972.825,1716.3131,2.2851603,19.12646,48.142796,273.0,32.0,6.5,32.60000228881836,10,biomass yield,1.170909090909091,0.157780447877837
82,12.42,37.57,IWM,Mixed cropping,Mixed crop-livestock,1090.3973,1988.2881,5.7546654,19.044033,113.27259,184.0,39.20000076293945,6.599999904632568,26.80000114440918,40,soil loss,0.3541666666666667,-1.0379876668516748
88,6.91,37.64,IWM,Cereal,Barley,1496.4543,2068.8474,6.0630846,19.33679,53.29837,334.0,33.900001525878906,5.900000095367432,44.400001525878906,10,soil loss,0.0454545454545454,-3.091042453358316
88,9.11,40.99,IWM,Cereal,Maize,1062.5142,2054.0068,14.286182,17.49087,69.88164,303.0,42.5,7.200000286102295,41.29999923706055,40,yield,1.0,0.0
40,11.5,37.58,organic amedements,Cereal,Barley,1243.95,1649.1882,1.6015278,20.54315,110.60449,184.0,45.20000076293945,6.400000095367432,33.0,40,SOM content,1.3333333333333333,0.2876820724517808
40,11.5,37.58,organic amedements,Cereal,Barley,1243.95,1649.1882,1.6015278,20.54315,110.60449,184.0,45.20000076293945,6.400000095367432,33.0,40,yield,1.0205882352941176,0.020379162336652
43,10.95,39.78,organic amedements,Cereal,Sorghum,961.5105,1573.7129,13.104934,20.87494,87.91151,274.0,32.900001525878906,6.800000190734863,36.70000076293945,40,yield,1.386138613861386,0.3265219057680448
43,10.95,39.78,organic amedements,Cereal,Sorghum,961.5105,1573.7129,13.104934,20.87494,87.91151,274.0,32.900001525878906,6.800000190734863,36.70000076293945,40,yield,1.1428571428571428,0.1335313926245225
43,10.95,39.78,organic amedements,Cereal,Sorghum,961.5105,1573.7129,13.104934,20.87494,87.91151,274.0,32.900001525878906,6.800000190734863,36.70000076293945,40,yield,1.125,0.1177830356563834
43,10.95,39.78,organic amedements,Cereal,Sorghum,961.5105,1573.7129,13.104934,20.87494,87.91151,274.0,32.900001525878906,6.800000190734863,36.70000076293945,40,yield,1.4851485148514851,0.3955147772549963
43,10.95,39.78,organic amedements,Cereal,Sorghum,961.5105,1573.7129,13.104934,20.87494,87.91151,274.0,32.900001525878906,6.800000190734863,36.70000076293945,40,yield,1.0,0.0
43,10.95,39.78,organic amedements,Cereal,Sorghum,961.5105,1573.7129,13.104934,20.87494,87.91151,274.0,32.900001525878906,6.800000190734863,36.70000076293945,40,yield,1.0891089108910892,0.0853598489511568
43,10.95,39.78,organic amedements,Cereal,Sorghum,961.5105,1573.7129,13.104934,20.87494,87.91151,274.0,32.900001525878906,6.800000190734863,36.70000076293945,40,yield,1.3214285714285714,0.2787134024690205
43,10.95,39.78,organic amedements,Cereal,Sorghum,961.5105,1573.7129,13.104934,20.87494,87.91151,274.0,32.900001525878906,6.800000190734863,36.70000076293945,40,yield,0.90625,-0.0984400728132525
43,10.95,39.78,organic amedements,Cereal,Sorghum,961.5105,1573.7129,13.104934,20.87494,87.91151,274.0,32.900001525878906,6.800000190734863,36.70000076293945,40,yield,1.0571428571428572,0.0555698511548107
43,10.95,39.78,organic amedements,Cereal,Sorghum,961.5105,1573.7129,13.104934,20.87494,87.91151,274.0,32.900001525878906,6.800000190734863,36.70000076293945,40,yield,0.9787234042553192,-0.0215062052209636
43,10.95,39.78,organic amedements,Cereal,Sorghum,961.5105,1573.7129,13.104934,20.87494,87.91151,274.0,32.900001525878906,6.800000190734863,36.70000076293945,40,yield,1.1666666666666667,0.1541506798272583
43,10.95,39.78,organic amedements,Cereal,Sorghum,961.5105,1573.7129,13.104934,20.87494,87.91151,274.0,32.900001525878906,6.800000190734863,36.70000076293945,40,yield,1.2571428571428571,0.2288415724288474
43,10.95,39.78,organic amedements,Cereal,Sorghum,961.5105,1573.7129,13.104934,20.87494,87.91151,274.0,32.900001525878906,6.800000190734863,36.70000076293945,40,yield,0.946808510638298,-0.054658412537864
43,10.95,39.78,organic amedements,Cereal,Sorghum,961.5105,1573.7129,13.104934,20.87494,87.91151,274.0,32.900001525878906,6.800000190734863,36.70000076293945,40,yield,1.0888888888888888,0.0851578083403067
43,10.95,39.78,organic amedements,Cereal,Sorghum,961.5105,1573.7129,13.104934,20.87494,87.91151,274.0,32.900001525878906,6.800000190734863,36.70000076293945,40,yield,1.2857142857142858,0.2513144282809061
43,10.95,39.78,organic amedements,Cereal,Sorghum,961.5105,1573.7129,13.104934,20.87494,87.91151,274.0,32.900001525878906,6.800000190734863,36.70000076293945,40,yield,1.0212765957446808,0.0210534091978322
43,10.95,39.78,organic amedements,Cereal,Sorghum,961.5105,1573.7129,13.104934,20.87494,87.91151,274.0,32.900001525878906,6.800000190734863,36.70000076293945,40,yield,1.0555555555555556,0.0540672212702757
43,10.95,39.78,organic amedements,Cereal,Sorghum,961.5105,1573.7129,13.104934,20.87494,87.91151,274.0,32.900001525878906,6.800000190734863,36.70000076293945,40,yield,1.175,0.1612681475961223
43,10.95,39.78,organic amedements,Cereal,Sorghum,961.5105,1573.7129,13.104934,20.87494,87.91151,274.0,32.900001525878906,6.800000190734863,36.70000076293945,40,yield,1.0638297872340423,0.0618754037180874
43,10.95,39.78,organic amedements,Cereal,Sorghum,961.5105,1573.7129,13.104934,20.87494,87.91151,274.0,32.900001525878906,6.800000190734863,36.70000076293945,40,yield,1.162790697674419,0.1508228897345837
43,10.95,39.78,organic amedements,Cereal,Sorghum,961.5105,1573.7129,13.104934,20.87494,87.91151,274.0,32.900001525878906,6.800000190734863,36.70000076293945,40,yield,1.5,0.4054651081081644
43,10.95,39.78,organic amedements,Cereal,Sorghum,961.5105,1573.7129,13.104934,20.87494,87.91151,274.0,32.900001525878906,6.800000190734863,36.70000076293945,40,yield,1.3953488372093024,0.3331444465285383
43,10.95,39.78,organic amedements,Cereal,Sorghum,961.5105,1573.7129,13.104934,20.87494,87.91151,274.0,32.900001525878906,6.800000190734863,36.70000076293945,40,yield,1.675,0.5158131652770298
43,10.95,39.78,organic amedements,Cereal,Sorghum,961.5105,1573.7129,13.104934,20.87494,87.91151,274.0,32.900001525878906,6.800000190734863,36.70000076293945,40,yield,1.2765957446808511,0.2441969605120421
43,10.95,39.78,organic amedements,Cereal,Sorghum,961.5105,1573.7129,13.104934,20.87494,87.91151,274.0,32.900001525878906,6.800000190734863,36.70000076293945,40,yield,1.5116279069767442,0.4131871542020747
44,8.11,37.93,organic amedements,Cropland,Cropland,1142.9075,2087.3157,4.5675406,18.184118,79.5957,273.0,38.900001525878906,6.0,38.5,10,runoff,1.9892857142857143,0.6877756367580344
44,8.11,37.93,organic amedements,Cereal,Wheat,1142.9075,2087.3157,4.5675406,18.184118,79.5957,273.0,38.900001525878906,6.0,38.5,10,yield,1.3526448362720402,0.3020618138216742
44,8.11,37.93,organic amedements,Cereal,Wheat,1142.9075,2087.3157,4.5675406,18.184118,79.5957,273.0,38.900001525878906,6.0,38.5,10,soil loss,0.6153846153846154,-0.4855078157817007
44,8.11,37.93,organic amedements,Cereal,Teff,1142.9075,2087.3157,4.5675406,18.184118,79.5957,273.0,38.900001525878906,6.0,38.5,10,yield,1.2826552462526766,0.2489323404465519
44,8.11,37.93,organic amedements,Cereal,Teff,1142.9075,2087.3157,4.5675406,18.184118,79.5957,273.0,38.900001525878906,6.0,38.5,10,soil loss,0.9142857142857144,-0.0896121586896871
44,8.11,37.93,organic amedements,Cropland,Cropland,1142.9075,2087.3157,4.5675406,18.184118,79.5957,273.0,38.900001525878906,6.0,38.5,10,runoff,0.6333333333333333,-0.456758402495715
44,8.11,37.93,organic amedements,Cropland,Cropland,1142.9075,2087.3157,4.5675406,18.184118,79.5957,273.0,38.900001525878906,6.0,38.5,10,soil loss,0.8,-0.2231435513142097
44,8.11,37.93,organic amedements,Cropland,Cropland,1142.9075,2087.3157,4.5675406,18.184118,79.5957,273.0,38.900001525878906,6.0,38.5,10,biomass yield,1.2823467784180198,0.248691819906469
44,8.11,37.93,organic amedements,Cropland,Cropland,1142.9075,2087.3157,4.5675406,18.184118,79.5957,273.0,38.900001525878906,6.0,38.5,10,yield,1.3187954309449637,0.2767187676545114
44,8.11,37.93,organic amedements,Cereal,Barley,1142.9075,2087.3157,4.5675406,18.184118,79.5957,273.0,38.900001525878906,6.0,38.5,10,yield,1.1188571428571428,0.1123077561728958
44,8.11,37.93,organic amedements,Cereal,Barley,1142.9075,2087.3157,4.5675406,18.184118,79.5957,273.0,38.900001525878906,6.0,38.5,10,SOM content,1.0,0.0
44,8.11,37.93,organic amedements,Cereal,Barley,1142.9075,2087.3157,4.5675406,18.184118,79.5957,273.0,38.900001525878906,6.0,38.5,10,yield,1.3097142857142856,0.2698090109170704
44,8.11,37.93,organic amedements,Cereal,Barley,1142.9075,2087.3157,4.5675406,18.184118,79.5957,273.0,38.900001525878906,6.0,38.5,10,SOM content,1.3333333333333333,0.2876820724517808
44,8.11,37.93,organic amedements,Cereal,Barley,1142.9075,2087.3157,4.5675406,18.184118,79.5957,273.0,38.900001525878906,6.0,38.5,10,yield,0.9387001477104876,-0.0632591822827662
44,8.11,37.93,organic amedements,Cereal,Barley,1142.9075,2087.3157,4.5675406,18.184118,79.5957,273.0,38.900001525878906,6.0,38.5,10,yield,1.04615952732644,0.0451258657983508
44,8.11,37.93,organic amedements,Cereal,Barley,1142.9075,2087.3157,4.5675406,18.184118,79.5957,273.0,38.900001525878906,6.0,38.5,10,yield,1.4285714285714286,0.3566749439387324
44,8.11,37.93,organic amedements,Cereal,Barley,1142.9075,2087.3157,4.5675406,18.184118,79.5957,273.0,38.900001525878906,6.0,38.5,10,yield,1.524,0.4213384572644545
44,8.11,37.93,organic amedements,Cereal,Barley,1142.9075,2087.3157,4.5675406,18.184118,79.5957,273.0,38.900001525878906,6.0,38.5,10,yield,1.13911704312115,0.1302534387301135
44,8.11,37.93,organic amedements,Cereal,Barley,1142.9075,2087.3157,4.5675406,18.184118,79.5957,273.0,38.900001525878906,6.0,38.5,10,yield,1.2566735112936345,0.2284681594297362
44,8.11,37.93,organic amedements,Cereal,Barley,1142.9075,2087.3157,4.5675406,18.184118,79.5957,273.0,38.900001525878906,6.0,38.5,10,yield,1.061764705882353,0.0599323407226738
45,7.0,38.49,organic amedements,Root & tuber,Potato,1061.3188,1768.8038,38.91083,18.805399,47.29187,334.0,35.70000076293945,6.300000190734863,48.29999923706055,20,yield,1.0740740740740742,0.071458963982145
45,7.0,38.49,organic amedements,Root & tuber,Potato,1061.3188,1768.8038,38.91083,18.805399,47.29187,334.0,35.70000076293945,6.300000190734863,48.29999923706055,20,yield,1.0375967563582749,0.0369072279148589
45,7.0,38.49,organic amedements,Root & tuber,Potato,1061.3188,1768.8038,38.91083,18.805399,47.29187,334.0,35.70000076293945,6.300000190734863,48.29999923706055,20,yield,0.9629629629629628,-0.037740327982847
45,7.0,38.49,organic amedements,Root & tuber,Potato,1061.3188,1768.8038,38.91083,18.805399,47.29187,334.0,35.70000076293945,6.300000190734863,48.29999923706055,20,yield,0.9629629629629628,-0.037740327982847
45,7.0,38.49,organic amedements,Root & tuber,Potato,1061.3188,1768.8038,38.91083,18.805399,47.29187,334.0,35.70000076293945,6.300000190734863,48.29999923706055,20,yield,0.998894213048286,-0.0011063987851851
45,7.0,38.49,organic amedements,Root & tuber,Potato,1061.3188,1768.8038,38.91083,18.805399,47.29187,334.0,35.70000076293945,6.300000190734863,48.29999923706055,20,yield,1.0431256911168447,0.0422216779783514
45,6.78,37.72,organic amedements,Root & tuber,Potato,1421.1718,1775.3514,1.644825,20.788485,50.267597,334.0,32.79999923706055,5.900000095367432,34.79999923706055,20,yield,1.029252925292529,0.0288332238232059
45,6.78,37.72,organic amedements,Root & tuber,Potato,1421.1718,1775.3514,1.644825,20.788485,50.267597,334.0,32.79999923706055,5.900000095367432,34.79999923706055,20,yield,0.8834383438343835,-0.1239337759231142
45,6.78,37.72,organic amedements,Root & tuber,Potato,1421.1718,1775.3514,1.644825,20.788485,50.267597,334.0,32.79999923706055,5.900000095367432,34.79999923706055,20,yield,1.0832583258325832,0.0799734675834965
45,6.78,37.72,organic amedements,Root & tuber,Potato,1421.1718,1775.3514,1.644825,20.788485,50.267597,334.0,32.79999923706055,5.900000095367432,34.79999923706055,20,yield,1.1503150315031505,0.1400358452978501
45,6.78,37.72,organic amedements,Root & tuber,Potato,1421.1718,1775.3514,1.644825,20.788485,50.267597,334.0,32.79999923706055,5.900000095367432,34.79999923706055,20,yield,11.125112511251125,2.409204941372052
45,6.78,37.72,organic amedements,Root & tuber,Potato,1421.1718,1775.3514,1.644825,20.788485,50.267597,334.0,32.79999923706055,5.900000095367432,34.79999923706055,20,yield,1.183168316831683,0.1681958545303058
52,7.33,38.67,organic amedements,Pulse,Common bean,872.49744,1951.8854,1.945338,17.670439,54.349224,273.0,36.79999923706055,6.800000190734863,32.29999923706055,40,income,1.6982758620689655,0.5296135376316239
52,7.33,38.67,organic amedements,Pulse,Common bean,872.49744,1951.8854,1.945338,17.670439,54.349224,273.0,36.79999923706055,6.800000190734863,32.29999923706055,40,income,1.0,0.0
52,7.33,38.67,organic amedements,Cereal,Maize,872.49744,1951.8854,1.945338,17.670439,54.349224,273.0,36.79999923706055,6.800000190734863,32.29999923706055,40,yield,1.0581841432225063,0.0565543667059068
52,7.33,38.67,organic amedements,Cereal,Maize,872.49744,1951.8854,1.945338,17.670439,54.349224,273.0,36.79999923706055,6.800000190734863,32.29999923706055,40,yield,1.1029411764705883,0.0979804083602038
52,7.33,38.67,organic amedements,Cereal,Maize,872.49744,1951.8854,1.945338,17.670439,54.349224,273.0,36.79999923706055,6.800000190734863,32.29999923706055,40,yield,0.994747899159664,-0.005265941605287
52,7.33,38.67,organic amedements,Cereal,Maize,872.49744,1951.8854,1.945338,17.670439,54.349224,273.0,36.79999923706055,6.800000190734863,32.29999923706055,40,yield,1.03125,0.0307716586667536
52,7.33,38.67,organic amedements,Cereal,Maize,872.49744,1951.8854,1.945338,17.670439,54.349224,273.0,36.79999923706055,6.800000190734863,32.29999923706055,40,yield,0.96875,-0.0317486983145803
52,7.33,38.67,organic amedements,Cereal,Maize,872.49744,1951.8854,1.945338,17.670439,54.349224,273.0,36.79999923706055,6.800000190734863,32.29999923706055,40,yield,1.04375,0.0428199971829281
52,7.33,38.67,organic amedements,Cereal,Maize,872.49744,1951.8854,1.945338,17.670439,54.349224,273.0,36.79999923706055,6.800000190734863,32.29999923706055,40,yield,0.9791666666666666,-0.0210534091978323
52,7.33,38.67,organic amedements,Cereal,Maize,872.49744,1951.8854,1.945338,17.670439,54.349224,273.0,36.79999923706055,6.800000190734863,32.29999923706055,40,yield,0.861271676300578,-0.1493452885523198
52,7.33,38.67,organic amedements,Cereal,Maize,872.49744,1951.8854,1.945338,17.670439,54.349224,273.0,36.79999923706055,6.800000190734863,32.29999923706055,40,yield,1.5706371191135735,0.4514813453948712
52,9.07,40.85,organic amedements,Cereal,Wheat,1014.9154,1936.8497,18.437939,18.822626,68.91818,273.0,45.400001525878906,7.0,38.29999923706055,40,SOM content,0.6666666666666666,-0.4054651081081644
54,7.03,38.0,organic amedements,Cereal,Maize,1208.0776,1672.8741,3.543862,20.461164,49.653854,334.0,37.29999923706055,6.599999904632568,39.60000228881836,40,yield,1.2082018927444795,0.1891332153033654
54,7.03,38.0,organic amedements,Cereal,Maize,1208.0776,1672.8741,3.543862,20.461164,49.653854,334.0,37.29999923706055,6.599999904632568,39.60000228881836,40,yield,1.8296529968454256,0.6041263296631844
54,7.03,38.0,organic amedements,Cereal,Maize,1208.0776,1672.8741,3.543862,20.461164,49.653854,334.0,37.29999923706055,6.599999904632568,39.60000228881836,40,yield,2.1135646687697163,0.7483759385077312
54,7.03,38.0,organic amedements,Cereal,Maize,1208.0776,1672.8741,3.543862,20.461164,49.653854,334.0,37.29999923706055,6.599999904632568,39.60000228881836,40,yield,2.192429022082019,0.7850100716875116
54,7.03,38.0,organic amedements,Cereal,Maize,1208.0776,1672.8741,3.543862,20.461164,49.653854,334.0,37.29999923706055,6.599999904632568,39.60000228881836,40,yield,1.0292207792207793,0.0288019909037061
54,7.03,38.0,organic amedements,Cereal,Maize,1208.0776,1672.8741,3.543862,20.461164,49.653854,334.0,37.29999923706055,6.599999904632568,39.60000228881836,40,yield,1.672077922077922,0.5140671176901617
54,7.03,38.0,organic amedements,Cereal,Maize,1208.0776,1672.8741,3.543862,20.461164,49.653854,334.0,37.29999923706055,6.599999904632568,39.60000228881836,40,yield,2.1201298701298703,0.7514773463028567
54,7.03,38.0,organic amedements,Cereal,Maize,1208.0776,1672.8741,3.543862,20.461164,49.653854,334.0,37.29999923706055,6.599999904632568,39.60000228881836,40,yield,1.9448051948051948,0.6651618151418749
54,7.03,38.0,organic amedements,Cereal,Maize,1208.0776,1672.8741,3.543862,20.461164,49.653854,334.0,37.29999923706055,6.599999904632568,39.60000228881836,40,yield,0.9802631578947368,-0.0199342149008172
54,7.03,38.0,organic amedements,Cereal,Maize,1208.0776,1672.8741,3.543862,20.461164,49.653854,334.0,37.29999923706055,6.599999904632568,39.60000228881836,40,yield,1.8355263157894737,0.6073312609750893
54,7.03,38.0,organic amedements,Cereal,Maize,1208.0776,1672.8741,3.543862,20.461164,49.653854,334.0,37.29999923706055,6.599999904632568,39.60000228881836,40,yield,1.805921052631579,0.591070740103309
54,7.03,38.0,organic amedements,Cereal,Maize,1208.0776,1672.8741,3.543862,20.461164,49.653854,334.0,37.29999923706055,6.599999904632568,39.60000228881836,40,yield,1.9901315789473684,0.6882007566246198
54,7.03,38.0,organic amedements,Cereal,Maize,1208.0776,1672.8741,3.543862,20.461164,49.653854,334.0,37.29999923706055,6.599999904632568,39.60000228881836,40,yield,0.9971181556195964,-0.0028860048891349
54,7.03,38.0,organic amedements,Cereal,Maize,1208.0776,1672.8741,3.543862,20.461164,49.653854,334.0,37.29999923706055,6.599999904632568,39.60000228881836,40,yield,1.54178674351585,0.4329419669491473
54,7.03,38.0,organic amedements,Cereal,Maize,1208.0776,1672.8741,3.543862,20.461164,49.653854,334.0,37.29999923706055,6.599999904632568,39.60000228881836,40,yield,1.5446685878962536,0.4348093811239428
54,7.03,38.0,organic amedements,Cereal,Maize,1208.0776,1672.8741,3.543862,20.461164,49.653854,334.0,37.29999923706055,6.599999904632568,39.60000228881836,40,yield,1.6887608069164266,0.5239950096301534
55,11.5,37.58,organic amedements,Cereal,Barley,1243.95,1649.1882,1.6015278,20.54315,110.60449,184.0,45.20000076293945,6.400000095367432,33.0,40,yield,1.016790316282702,0.0166509171289346
55,11.5,37.58,organic amedements,Cereal,Barley,1243.95,1649.1882,1.6015278,20.54315,110.60449,184.0,45.20000076293945,6.400000095367432,33.0,40,yield,1.1308082780164,0.1229326673060818
55,11.5,37.58,organic amedements,Cereal,Barley,1243.95,1649.1882,1.6015278,20.54315,110.60449,184.0,45.20000076293945,6.400000095367432,33.0,40,yield,1.1284463185209213,0.1208417472657917
55,11.5,37.58,organic amedements,Cereal,Barley,1243.95,1649.1882,1.6015278,20.54315,110.60449,184.0,45.20000076293945,6.400000095367432,33.0,40,yield,1.2432695426532598,0.2177446374944047
55,11.5,37.58,organic amedements,Cereal,Barley,1243.95,1649.1882,1.6015278,20.54315,110.60449,184.0,45.20000076293945,6.400000095367432,33.0,40,yield,0.9885433715220948,-0.0115227612367803
74,12.42,37.57,Physical + biological SWC practices,Cropland,Cropland,1090.3973,1988.2881,5.7546654,19.044033,113.27259,184.0,39.20000076293945,6.599999904632568,26.80000114440918,40,soil loss,0.6666666666666666,-0.4054651081081644
18,9.85,39.6,Physical SWC measures,Root & tuber,Potato,980.073,2475.0623,17.959497,16.548235,111.723,214.0,40.900001525878906,6.800000190734863,32.5,40,yield,1.344994617868676,0.2963900114611685
18,9.85,39.6,Physical SWC measures,Root & tuber,Potato,980.073,2475.0623,17.959497,16.548235,111.723,214.0,40.900001525878906,6.800000190734863,32.5,40,yield,1.7276641550053822,0.5467702967502778
18,9.85,39.6,Physical SWC measures,Root & tuber,Potato,980.073,2475.0623,17.959497,16.548235,111.723,214.0,40.900001525878906,6.800000190734863,32.5,40,yield,1.9381054897739505,0.6617109442750914
18,9.85,39.6,Physical SWC measures,Root & tuber,Potato,980.073,2475.0623,17.959497,16.548235,111.723,214.0,40.900001525878906,6.800000190734863,32.5,40,yield,1.3757094211123724,0.3189695406930803
18,9.85,39.6,Physical SWC measures,Root & tuber,Potato,980.073,2475.0623,17.959497,16.548235,111.723,214.0,40.900001525878906,6.800000190734863,32.5,40,yield,1.812712826333712,0.594824522278833
18,9.85,39.6,Physical SWC measures,Root & tuber,Potato,980.073,2475.0623,17.959497,16.548235,111.723,214.0,40.900001525878906,6.800000190734863,32.5,40,yield,1.9500567536889897,0.6678584766080211
18,9.85,39.6,Physical SWC measures,Root & tuber,Potato,980.073,2475.0623,17.959497,16.548235,111.723,214.0,40.900001525878906,6.800000190734863,32.5,40,yield,1.550965424337674,0.4388775914492563
18,9.85,39.6,Physical SWC measures,Root & tuber,Potato,980.073,2475.0623,17.959497,16.548235,111.723,214.0,40.900001525878906,6.800000190734863,32.5,40,yield,1.958688819039066,0.6722752795042068
18,9.85,39.6,Physical SWC measures,Root & tuber,Potato,980.073,2475.0623,17.959497,16.548235,111.723,214.0,40.900001525878906,6.800000190734863,32.5,40,yield,2.078581050740908,0.731685473773903
18,9.85,39.6,Physical SWC measures,Root & tuber,Potato,980.073,2475.0623,17.959497,16.548235,111.723,214.0,40.900001525878906,6.800000190734863,32.5,40,yield,1.5114364135407137,0.4130604659043848
18,9.85,39.6,Physical SWC measures,Root & tuber,Potato,980.073,2475.0623,17.959497,16.548235,111.723,214.0,40.900001525878906,6.800000190734863,32.5,40,yield,1.9391582799634035,0.6622540026161533
18,9.85,39.6,Physical SWC measures,Root & tuber,Potato,980.073,2475.0623,17.959497,16.548235,111.723,214.0,40.900001525878906,6.800000190734863,32.5,40,yield,2.036139066788655,0.7110554002793704
18,9.85,39.6,Physical SWC measures,Cereal,Barley,980.073,2475.0623,17.959497,16.548235,111.723,214.0,40.900001525878906,6.800000190734863,32.5,40,yield,0.4736842105263157,-0.7472144018302211
18,9.85,39.6,Physical SWC measures,Cereal,Barley,980.073,2475.0623,17.959497,16.548235,111.723,214.0,40.900001525878906,6.800000190734863,32.5,40,soil loss,0.3571428571428571,-1.029619417181158
18,9.85,39.6,Physical SWC measures,Cereal,Barley,980.073,2475.0623,17.959497,16.548235,111.723,214.0,40.900001525878906,6.800000190734863,32.5,40,runoff,0.6174863387978142,-0.4820983341290803
18,9.85,39.6,Physical SWC measures,Pulse,Faba bean,980.073,2475.0623,17.959497,16.548235,111.723,214.0,40.900001525878906,6.800000190734863,32.5,40,yield,0.6666666666666666,-0.4054651081081644
18,9.85,39.6,Physical SWC measures,Pulse,Faba bean,980.073,2475.0623,17.959497,16.548235,111.723,214.0,40.900001525878906,6.800000190734863,32.5,40,soil loss,0.3857142857142857,-0.95265837604503
18,9.85,39.6,Physical SWC measures,Pulse,Faba bean,980.073,2475.0623,17.959497,16.548235,111.723,214.0,40.900001525878906,6.800000190734863,32.5,40,runoff,0.9476744186046512,-0.0537442760066906
18,9.85,39.6,Physical SWC measures,Cereal,Barley,980.073,2475.0623,17.959497,16.548235,111.723,214.0,40.900001525878906,6.800000190734863,32.5,40,yield,0.5,-0.6931471805599453
18,9.85,39.6,Physical SWC measures,Cereal,Barley,980.073,2475.0623,17.959497,16.548235,111.723,214.0,40.900001525878906,6.800000190734863,32.5,40,soil loss,0.3090909090909091,-1.1741198411762548
18,9.85,39.6,Physical SWC measures,Cereal,Barley,980.073,2475.0623,17.959497,16.548235,111.723,214.0,40.900001525878906,6.800000190734863,32.5,40,runoff,0.7020725388601037,-0.3537185485851299
18,9.85,39.6,Physical SWC measures,Pulse,Field pea,980.073,2475.0623,17.959497,16.548235,111.723,214.0,40.900001525878906,6.800000190734863,32.5,40,yield,0.5,-0.6931471805599453
18,9.85,39.6,Physical SWC measures,Pulse,Field pea,980.073,2475.0623,17.959497,16.548235,111.723,214.0,40.900001525878906,6.800000190734863,32.5,40,soil loss,0.6666666666666666,-0.4054651081081644
18,9.85,39.6,Physical SWC measures,Pulse,Field pea,980.073,2475.0623,17.959497,16.548235,111.723,214.0,40.900001525878906,6.800000190734863,32.5,40,runoff,1.192156862745098,0.1757641562477955
18,9.85,39.6,Physical SWC measures,Pulse,Field pea,980.073,2475.0623,17.959497,16.548235,111.723,214.0,40.900001525878906,6.800000190734863,32.5,40,yield,0.5714285714285714,-0.5596157879354228
18,9.85,39.6,Physical SWC measures,Pulse,Field pea,980.073,2475.0623,17.959497,16.548235,111.723,214.0,40.900001525878906,6.800000190734863,32.5,40,soil loss,1.0,0.0
18,9.85,39.6,Physical SWC measures,Pulse,Field pea,980.073,2475.0623,17.959497,16.548235,111.723,214.0,40.900001525878906,6.800000190734863,32.5,40,runoff,1.558139534883721,0.4434925036974037
18,9.85,39.6,Physical SWC measures,Cereal,Barley,980.073,2475.0623,17.959497,16.548235,111.723,214.0,40.900001525878906,6.800000190734863,32.5,40,yield,0.8421052631578947,-0.1718502569266592
18,9.85,39.6,Physical SWC measures,Cereal,Barley,980.073,2475.0623,17.959497,16.548235,111.723,214.0,40.900001525878906,6.800000190734863,32.5,40,soil loss,0.3333333333333333,-1.0986122886681098
18,9.85,39.6,Physical SWC measures,Cereal,Barley,980.073,2475.0623,17.959497,16.548235,111.723,214.0,40.900001525878906,6.800000190734863,32.5,40,runoff,0.4262295081967213,-0.8527773261518292
18,9.85,39.6,Physical SWC measures,Pulse,Faba bean,980.073,2475.0623,17.959497,16.548235,111.723,214.0,40.900001525878906,6.800000190734863,32.5,40,yield,1.3333333333333333,0.2876820724517808
18,9.85,39.6,Physical SWC measures,Pulse,Faba bean,980.073,2475.0623,17.959497,16.548235,111.723,214.0,40.900001525878906,6.800000190734863,32.5,40,soil loss,0.6071428571428571,-0.4989911661189879
18,9.85,39.6,Physical SWC measures,Pulse,Faba bean,980.073,2475.0623,17.959497,16.548235,111.723,214.0,40.900001525878906,6.800000190734863,32.5,40,runoff,1.0290697674418603,0.0286552557603761
18,9.85,39.6,Physical SWC measures,Cereal,Barley,980.073,2475.0623,17.959497,16.548235,111.723,214.0,40.900001525878906,6.800000190734863,32.5,40,yield,1.0,0.0
18,9.85,39.6,Physical SWC measures,Cereal,Barley,980.073,2475.0623,17.959497,16.548235,111.723,214.0,40.900001525878906,6.800000190734863,32.5,40,soil loss,0.6,-0.5108256237659907
18,9.85,39.6,Physical SWC measures,Cereal,Barley,980.073,2475.0623,17.959497,16.548235,111.723,214.0,40.900001525878906,6.800000190734863,32.5,40,runoff,0.8989637305699482,-0.1065125895179717
18,9.85,39.6,Physical SWC measures,Pulse,Field pea,980.073,2475.0623,17.959497,16.548235,111.723,214.0,40.900001525878906,6.800000190734863,32.5,40,yield,0.8,-0.2231435513142097
18,9.85,39.6,Physical SWC measures,Pulse,Field pea,980.073,2475.0623,17.959497,16.548235,111.723,214.0,40.900001525878906,6.800000190734863,32.5,40,soil loss,2.0,0.6931471805599453
18,9.85,39.6,Physical SWC measures,Pulse,Field pea,980.073,2475.0623,17.959497,16.548235,111.723,214.0,40.900001525878906,6.800000190734863,32.5,40,runoff,1.1019607843137256,0.0970911241753196
18,9.85,39.6,Physical SWC measures,Pulse,Field pea,980.073,2475.0623,17.959497,16.548235,111.723,214.0,40.900001525878906,6.800000190734863,32.5,40,yield,0.7142857142857143,-0.3364722366212129
18,9.85,39.6,Physical SWC measures,Pulse,Field pea,980.073,2475.0623,17.959497,16.548235,111.723,214.0,40.900001525878906,6.800000190734863,32.5,40,soil loss,2.5,0.9162907318741552
18,9.85,39.6,Physical SWC measures,Pulse,Field pea,980.073,2475.0623,17.959497,16.548235,111.723,214.0,40.900001525878906,6.800000190734863,32.5,40,runoff,1.0155038759689925,0.0153849188394794
18,9.85,39.6,Physical SWC measures,Cereal,Barley,980.073,2475.0623,17.959497,16.548235,111.723,214.0,40.900001525878906,6.800000190734863,32.5,40,yield,0.6842105263157895,-0.3794896217049037
18,9.85,39.6,Physical SWC measures,Cereal,Barley,980.073,2475.0623,17.959497,16.548235,111.723,214.0,40.900001525878906,6.800000190734863,32.5,40,soil loss,0.0714285714285714,-2.639057329615259
18,9.85,39.6,Physical SWC measures,Cereal,Barley,980.073,2475.0623,17.959497,16.548235,111.723,214.0,40.900001525878906,6.800000190734863,32.5,40,runoff,0.4262295081967213,-0.8527773261518292
18,9.85,39.6,Physical SWC measures,Cereal,Barley,980.073,2475.0623,17.959497,16.548235,111.723,214.0,40.900001525878906,6.800000190734863,32.5,40,yield,1.3333333333333333,0.2876820724517808
18,9.85,39.6,Physical SWC measures,Cereal,Barley,980.073,2475.0623,17.959497,16.548235,111.723,214.0,40.900001525878906,6.800000190734863,32.5,40,soil loss,0.1642857142857142,-1.8061482066801544
18,9.85,39.6,Physical SWC measures,Cereal,Barley,980.073,2475.0623,17.959497,16.548235,111.723,214.0,40.900001525878906,6.800000190734863,32.5,40,runoff,0.7398255813953488,-0.3013408213828209
18,9.85,39.6,Physical SWC measures,Cereal,Barley,980.073,2475.0623,17.959497,16.548235,111.723,214.0,40.900001525878906,6.800000190734863,32.5,40,yield,1.0,0.0
18,9.85,39.6,Physical SWC measures,Cereal,Barley,980.073,2475.0623,17.959497,16.548235,111.723,214.0,40.900001525878906,6.800000190734863,32.5,40,soil loss,0.0545454545454545,-2.908720896564361
18,9.85,39.6,Physical SWC measures,Cereal,Barley,980.073,2475.0623,17.959497,16.548235,111.723,214.0,40.900001525878906,6.800000190734863,32.5,40,runoff,0.3186528497409326,-1.1436530140924133
18,9.85,39.6,Physical SWC measures,Pulse,Field pea,980.073,2475.0623,17.959497,16.548235,111.723,214.0,40.900001525878906,6.800000190734863,32.5,40,yield,0.6,-0.5108256237659907
18,9.85,39.6,Physical SWC measures,Pulse,Field pea,980.073,2475.0623,17.959497,16.548235,111.723,214.0,40.900001525878906,6.800000190734863,32.5,40,soil loss,0.3333333333333333,-1.0986122886681098
18,9.85,39.6,Physical SWC measures,Pulse,Field pea,980.073,2475.0623,17.959497,16.548235,111.723,214.0,40.900001525878906,6.800000190734863,32.5,40,runoff,0.4509803921568627,-0.796331416795176
18,9.85,39.6,Physical SWC measures,Pulse,Field pea,980.073,2475.0623,17.959497,16.548235,111.723,214.0,40.900001525878906,6.800000190734863,32.5,40,yield,0.7142857142857143,-0.3364722366212129
18,9.85,39.6,Physical SWC measures,Pulse,Field pea,980.073,2475.0623,17.959497,16.548235,111.723,214.0,40.900001525878906,6.800000190734863,32.5,40,runoff,0.5581395348837209,-0.5831462853456169
18,9.85,39.6,Physical SWC measures,Cereal,Barley,980.073,2475.0623,17.959497,16.548235,111.723,214.0,40.900001525878906,6.800000190734863,32.5,40,yield,0.7368421052631579,-0.3053816495511819
18,9.85,39.6,Physical SWC measures,Cereal,Barley,980.073,2475.0623,17.959497,16.548235,111.723,214.0,40.900001525878906,6.800000190734863,32.5,40,runoff,0.0928961748633879,-2.3762728087852047
21,6.42,38.32,Physical SWC measures,Cereal,Teff,1157.3077,1563.5872,4.267274,20.298077,48.65471,303.0,39.79999923706055,6.200000286102295,47.70000076293945,10,yield,1.0835526315789474,0.0802451163373183
21,6.42,38.32,Physical SWC measures,Cereal,Teff,1157.3077,1563.5872,4.267274,20.298077,48.65471,303.0,39.79999923706055,6.200000286102295,47.70000076293945,10,yield,0.4396177237185056,-0.8218497394344171
21,6.42,38.32,Physical SWC measures,Cereal,Maize,1157.3077,1563.5872,4.267274,20.298077,48.65471,303.0,39.79999923706055,6.200000286102295,47.70000076293945,10,yield,1.1333333333333333,0.125163142954006
21,6.42,38.32,Physical SWC measures,Cereal,Maize,1157.3077,1563.5872,4.267274,20.298077,48.65471,303.0,39.79999923706055,6.200000286102295,47.70000076293945,10,runoff,0.7857142857142857,-0.2411620568168881
21,6.42,38.32,Physical SWC measures,Cereal,Maize,1157.3077,1563.5872,4.267274,20.298077,48.65471,303.0,39.79999923706055,6.200000286102295,47.70000076293945,10,soil loss,0.08,-2.525728644308256
21,6.42,38.32,Physical SWC measures,Cereal,Teff,1157.3077,1563.5872,4.267274,20.298077,48.65471,303.0,39.79999923706055,6.200000286102295,47.70000076293945,10,yield,1.0,0.0
21,6.42,38.32,Physical SWC measures,Cereal,Teff,1157.3077,1563.5872,4.267274,20.298077,48.65471,303.0,39.79999923706055,6.200000286102295,47.70000076293945,10,runoff,0.2045454545454545,-1.5869650565820417
21,6.42,38.32,Physical SWC measures,Cereal,Maize,1157.3077,1563.5872,4.267274,20.298077,48.65471,303.0,39.79999923706055,6.200000286102295,47.70000076293945,10,yield,0.5294117647058824,-0.6359887667199967
21,6.42,38.32,Physical SWC measures,Cereal,Maize,1157.3077,1563.5872,4.267274,20.298077,48.65471,303.0,39.79999923706055,6.200000286102295,47.70000076293945,10,runoff,2.2,0.7884573603642703
21,6.42,38.32,Physical SWC measures,Cereal,Maize,1157.3077,1563.5872,4.267274,20.298077,48.65471,303.0,39.79999923706055,6.200000286102295,47.70000076293945,10,yield,0.375,-0.9808292530117262
21,6.42,38.32,Physical SWC measures,Cereal,Maize,1157.3077,1563.5872,4.267274,20.298077,48.65471,303.0,39.79999923706055,6.200000286102295,47.70000076293945,10,runoff,0.3309352517985611,-1.1058325366415969
21,6.42,38.32,Physical SWC measures,Cereal,Maize,1157.3077,1563.5872,4.267274,20.298077,48.65471,303.0,39.79999923706055,6.200000286102295,47.70000076293945,10,yield,0.5,-0.6931471805599453
21,6.42,38.32,Physical SWC measures,Cereal,Maize,1157.3077,1563.5872,4.267274,20.298077,48.65471,303.0,39.79999923706055,6.200000286102295,47.70000076293945,10,runoff,0.8888888888888888,-0.1177830356563835
21,6.42,38.32,Physical SWC measures,Cereal,Maize,1157.3077,1563.5872,4.267274,20.298077,48.65471,303.0,39.79999923706055,6.200000286102295,47.70000076293945,10,yield,1.1333333333333333,0.125163142954006
21,6.42,38.32,Physical SWC measures,Cereal,Maize,1157.3077,1563.5872,4.267274,20.298077,48.65471,303.0,39.79999923706055,6.200000286102295,47.70000076293945,10,runoff,1.9285714285714288,0.6567795363890705
21,6.42,38.32,Physical SWC measures,Cereal,Teff,1157.3077,1563.5872,4.267274,20.298077,48.65471,303.0,39.79999923706055,6.200000286102295,47.70000076293945,10,yield,1.0,0.0
21,6.42,38.32,Physical SWC measures,Cereal,Teff,1157.3077,1563.5872,4.267274,20.298077,48.65471,303.0,39.79999923706055,6.200000286102295,47.70000076293945,10,runoff,0.25,-1.3862943611198906
23,6.91,37.64,Physical SWC measures,Cereal,Maize,1496.4543,2068.8474,6.0630846,19.33679,53.29837,334.0,33.900001525878906,5.900000095367432,44.400001525878906,10,yield,1.0018779342723003,0.0018761731582279
23,6.91,37.64,Physical SWC measures,Cereal,Maize,1496.4543,2068.8474,6.0630846,19.33679,53.29837,334.0,33.900001525878906,5.900000095367432,44.400001525878906,10,yield,0.8619528619528619,-0.1485546943231372
23,6.91,37.64,Physical SWC measures,Cereal,Maize,1496.4543,2068.8474,6.0630846,19.33679,53.29837,334.0,33.900001525878906,5.900000095367432,44.400001525878906,10,yield,1.3486842105263157,0.2991294582921317
23,6.91,37.64,Physical SWC measures,Cropland,Cropland,1496.4543,2068.8474,6.0630846,19.33679,53.29837,334.0,33.900001525878906,5.900000095367432,44.400001525878906,10,runoff,0.6056910569105691,-0.5013852299869036
23,6.91,37.64,Physical SWC measures,Cereal,Barley,1496.4543,2068.8474,6.0630846,19.33679,53.29837,334.0,33.900001525878906,5.900000095367432,44.400001525878906,10,yield,1.2,0.1823215567939546
23,6.91,37.64,Physical SWC measures,Cereal,Barley,1496.4543,2068.8474,6.0630846,19.33679,53.29837,334.0,33.900001525878906,5.900000095367432,44.400001525878906,10,runoff,0.38,-0.9675840262617056
23,6.91,37.64,Physical SWC measures,Cereal,Sorghum,1496.4543,2068.8474,6.0630846,19.33679,53.29837,334.0,33.900001525878906,5.900000095367432,44.400001525878906,10,yield,1.0,0.0
23,6.91,37.64,Physical SWC measures,Cereal,Sorghum,1496.4543,2068.8474,6.0630846,19.33679,53.29837,334.0,33.900001525878906,5.900000095367432,44.400001525878906,10,soil loss,0.1666666666666666,-1.791759469228055
23,6.91,37.64,Physical SWC measures,Cereal,Sorghum,1496.4543,2068.8474,6.0630846,19.33679,53.29837,334.0,33.900001525878906,5.900000095367432,44.400001525878906,10,runoff,0.5035971223021583,-0.6859786910813328
23,6.91,37.64,Physical SWC measures,Cereal,Barley,1496.4543,2068.8474,6.0630846,19.33679,53.29837,334.0,33.900001525878906,5.900000095367432,44.400001525878906,10,yield,1.0,0.0
23,6.91,37.64,Physical SWC measures,Cereal,Barley,1496.4543,2068.8474,6.0630846,19.33679,53.29837,334.0,33.900001525878906,5.900000095367432,44.400001525878906,10,soil loss,0.05,-2.995732273553991
23,6.91,37.64,Physical SWC measures,Cereal,Barley,1496.4543,2068.8474,6.0630846,19.33679,53.29837,334.0,33.900001525878906,5.900000095367432,44.400001525878906,10,runoff,0.204225352112676,-1.5885312276147867
23,6.91,37.64,Physical SWC measures,Cereal,Maize,1496.4543,2068.8474,6.0630846,19.33679,53.29837,334.0,33.900001525878906,5.900000095367432,44.400001525878906,10,yield,1.5,0.4054651081081644
23,6.91,37.64,Physical SWC measures,Cereal,Maize,1496.4543,2068.8474,6.0630846,19.33679,53.29837,334.0,33.900001525878906,5.900000095367432,44.400001525878906,10,runoff,0.0806451612903225,-2.517696472610991
23,6.91,37.64,Physical SWC measures,Cereal,Barley,1496.4543,2068.8474,6.0630846,19.33679,53.29837,334.0,33.900001525878906,5.900000095367432,44.400001525878906,10,yield,0.8333333333333334,-0.1823215567939546
23,6.91,37.64,Physical SWC measures,Cereal,Barley,1496.4543,2068.8474,6.0630846,19.33679,53.29837,334.0,33.900001525878906,5.900000095367432,44.400001525878906,10,soil loss,0.0909090909090909,-2.3978952727983707
23,6.91,37.64,Physical SWC measures,Cereal,Barley,1496.4543,2068.8474,6.0630846,19.33679,53.29837,334.0,33.900001525878906,5.900000095367432,44.400001525878906,10,runoff,0.2557251908396946,-1.3636518843701309
23,6.91,37.64,Physical SWC measures,Cereal,Barley,1496.4543,2068.8474,6.0630846,19.33679,53.29837,334.0,33.900001525878906,5.900000095367432,44.400001525878906,10,yield,1.2,0.1823215567939546
23,6.91,37.64,Physical SWC measures,Cereal,Barley,1496.4543,2068.8474,6.0630846,19.33679,53.29837,334.0,33.900001525878906,5.900000095367432,44.400001525878906,10,runoff,0.64,-0.4462871026284195
23,6.91,37.64,Physical SWC measures,Cereal,Sorghum,1496.4543,2068.8474,6.0630846,19.33679,53.29837,334.0,33.900001525878906,5.900000095367432,44.400001525878906,10,yield,0.875,-0.1335313926245226
23,6.91,37.64,Physical SWC measures,Cereal,Sorghum,1496.4543,2068.8474,6.0630846,19.33679,53.29837,334.0,33.900001525878906,5.900000095367432,44.400001525878906,10,runoff,0.5899280575539568,-0.5277546858664387
23,6.91,37.64,Physical SWC measures,Cereal,Barley,1496.4543,2068.8474,6.0630846,19.33679,53.29837,334.0,33.900001525878906,5.900000095367432,44.400001525878906,10,yield,0.75,-0.2876820724517809
23,6.91,37.64,Physical SWC measures,Cereal,Barley,1496.4543,2068.8474,6.0630846,19.33679,53.29837,334.0,33.900001525878906,5.900000095367432,44.400001525878906,10,soil loss,0.1,-2.302585092994045
23,6.91,37.64,Physical SWC measures,Cereal,Barley,1496.4543,2068.8474,6.0630846,19.33679,53.29837,334.0,33.900001525878906,5.900000095367432,44.400001525878906,10,runoff,0.3873239436619718,-0.94849387236879
23,6.91,37.64,Physical SWC measures,Cereal,Maize,1496.4543,2068.8474,6.0630846,19.33679,53.29837,334.0,33.900001525878906,5.900000095367432,44.400001525878906,10,yield,1.0,0.0
23,6.91,37.64,Physical SWC measures,Cereal,Maize,1496.4543,2068.8474,6.0630846,19.33679,53.29837,334.0,33.900001525878906,5.900000095367432,44.400001525878906,10,runoff,0.2903225806451613,-1.2367626271489267
23,6.91,37.64,Physical SWC measures,Cereal,Barley,1496.4543,2068.8474,6.0630846,19.33679,53.29837,334.0,33.900001525878906,5.900000095367432,44.400001525878906,10,yield,0.8333333333333334,-0.1823215567939546
23,6.91,37.64,Physical SWC measures,Cereal,Barley,1496.4543,2068.8474,6.0630846,19.33679,53.29837,334.0,33.900001525878906,5.900000095367432,44.400001525878906,10,soil loss,0.1818181818181818,-1.7047480922384253
23,6.91,37.64,Physical SWC measures,Cereal,Barley,1496.4543,2068.8474,6.0630846,19.33679,53.29837,334.0,33.900001525878906,5.900000095367432,44.400001525878906,10,runoff,0.465648854961832,-0.7643234590278403
23,6.91,37.64,Physical SWC measures,Cereal,Barley,1496.4543,2068.8474,6.0630846,19.33679,53.29837,334.0,33.900001525878906,5.900000095367432,44.400001525878906,10,yield,1.6,0.4700036292457356
23,6.91,37.64,Physical SWC measures,Cereal,Barley,1496.4543,2068.8474,6.0630846,19.33679,53.29837,334.0,33.900001525878906,5.900000095367432,44.400001525878906,10,runoff,0.1,-2.302585092994045
26,9.11,40.99,Physical SWC measures,Cereal,Wheat,1062.5142,2054.0068,14.286182,17.49087,69.88164,303.0,42.5,7.200000286102295,41.29999923706055,40,biomass yield,1.0,0.0
26,9.11,40.99,Physical SWC measures,Cereal,Wheat,1062.5142,2054.0068,14.286182,17.49087,69.88164,303.0,42.5,7.200000286102295,41.29999923706055,40,biomass yield,0.9849624060150376,-0.0151518050206022
26,9.11,40.99,Physical SWC measures,Cereal,Wheat,1062.5142,2054.0068,14.286182,17.49087,69.88164,303.0,42.5,7.200000286102295,41.29999923706055,40,biomass yield,1.0300751879699248,0.0296317976063711
26,9.11,40.99,Physical SWC measures,Cereal,Wheat,1062.5142,2054.0068,14.286182,17.49087,69.88164,303.0,42.5,7.200000286102295,41.29999923706055,40,biomass yield,0.6942355889724311,-0.3649439107025249
26,9.11,40.99,Physical SWC measures,Cereal,Wheat,1062.5142,2054.0068,14.286182,17.49087,69.88164,303.0,42.5,7.200000286102295,41.29999923706055,40,biomass yield,0.8696741854636592,-0.1396366369430042
26,9.11,40.99,Physical SWC measures,Cereal,Wheat,1062.5142,2054.0068,14.286182,17.49087,69.88164,303.0,42.5,7.200000286102295,41.29999923706055,40,biomass yield,0.899749373433584,-0.1056390284015845
26,9.11,40.99,Physical SWC measures,Cereal,Wheat,1062.5142,2054.0068,14.286182,17.49087,69.88164,303.0,42.5,7.200000286102295,41.29999923706055,40,biomass yield,0.6616541353383458,-0.4130123137435473
26,9.11,40.99,Physical SWC measures,Cereal,Wheat,1062.5142,2054.0068,14.286182,17.49087,69.88164,303.0,42.5,7.200000286102295,41.29999923706055,40,yield,1.0,0.0
26,9.11,40.99,Physical SWC measures,Cereal,Wheat,1062.5142,2054.0068,14.286182,17.49087,69.88164,303.0,42.5,7.200000286102295,41.29999923706055,40,yield,0.971830985915493,-0.028573372444056
26,9.11,40.99,Physical SWC measures,Cereal,Wheat,1062.5142,2054.0068,14.286182,17.49087,69.88164,303.0,42.5,7.200000286102295,41.29999923706055,40,yield,1.1549295774647887,0.1440393702229377
26,9.11,40.99,Physical SWC measures,Cereal,Wheat,1062.5142,2054.0068,14.286182,17.49087,69.88164,303.0,42.5,7.200000286102295,41.29999923706055,40,yield,1.1971830985915493,0.179971379449001
26,9.11,40.99,Physical SWC measures,Cereal,Wheat,1062.5142,2054.0068,14.286182,17.49087,69.88164,303.0,42.5,7.200000286102295,41.29999923706055,40,biomass yield,1.0,0.0
26,9.11,40.99,Physical SWC measures,Cereal,Wheat,1062.5142,2054.0068,14.286182,17.49087,69.88164,303.0,42.5,7.200000286102295,41.29999923706055,40,biomass yield,0.9967532467532468,-0.0032520353863773
26,9.11,40.99,Physical SWC measures,Cereal,Wheat,1062.5142,2054.0068,14.286182,17.49087,69.88164,303.0,42.5,7.200000286102295,41.29999923706055,40,biomass yield,1.224025974025974,0.2021454044744363
26,9.11,40.99,Physical SWC measures,Cereal,Wheat,1062.5142,2054.0068,14.286182,17.49087,69.88164,303.0,42.5,7.200000286102295,41.29999923706055,40,biomass yield,1.2175324675324677,0.1968262429968363
26,9.11,40.99,Physical SWC measures,Cereal,Maize,1062.5142,2054.0068,14.286182,17.49087,69.88164,303.0,42.5,7.200000286102295,41.29999923706055,40,yield,1.0,0.0
26,9.11,40.99,Physical SWC measures,Cereal,Maize,1062.5142,2054.0068,14.286182,17.49087,69.88164,303.0,42.5,7.200000286102295,41.29999923706055,40,soil loss,0.375,-0.9808292530117262
26,9.11,40.99,Physical SWC measures,Cereal,Maize,1062.5142,2054.0068,14.286182,17.49087,69.88164,303.0,42.5,7.200000286102295,41.29999923706055,40,runoff,1.5294117647058822,0.4248831939652659
26,9.11,40.99,Physical SWC measures,Pulse,Common bean,1062.5142,2054.0068,14.286182,17.49087,69.88164,303.0,42.5,7.200000286102295,41.29999923706055,40,yield,0.6666666666666666,-0.4054651081081644
26,9.11,40.99,Physical SWC measures,Pulse,Common bean,1062.5142,2054.0068,14.286182,17.49087,69.88164,303.0,42.5,7.200000286102295,41.29999923706055,40,soil loss,0.8,-0.2231435513142097
26,9.11,40.99,Physical SWC measures,Pulse,Common bean,1062.5142,2054.0068,14.286182,17.49087,69.88164,303.0,42.5,7.200000286102295,41.29999923706055,40,runoff,1.5555555555555556,0.4418327522790392
26,9.11,40.99,Physical SWC measures,Cereal,Sorghum,1062.5142,2054.0068,14.286182,17.49087,69.88164,303.0,42.5,7.200000286102295,41.29999923706055,40,yield,2.0,0.6931471805599453
26,9.11,40.99,Physical SWC measures,Cereal,Sorghum,1062.5142,2054.0068,14.286182,17.49087,69.88164,303.0,42.5,7.200000286102295,41.29999923706055,40,runoff,6.0,1.791759469228055
31,9.85,39.6,Physical SWC measures,Cereal,Barley,980.073,2475.0623,17.959497,16.548235,111.723,214.0,40.900001525878906,6.800000190734863,32.5,40,yield,1.3333333333333333,0.2876820724517808
31,9.85,39.6,Physical SWC measures,Cereal,Barley,980.073,2475.0623,17.959497,16.548235,111.723,214.0,40.900001525878906,6.800000190734863,32.5,40,soil loss,0.2142857142857142,-1.540445040947149
31,9.85,39.6,Physical SWC measures,Cereal,Barley,980.073,2475.0623,17.959497,16.548235,111.723,214.0,40.900001525878906,6.800000190734863,32.5,40,runoff,0.7311046511627907,-0.3131986678336045
31,9.85,39.6,Physical SWC measures,Cereal,Barley,980.073,2475.0623,17.959497,16.548235,111.723,214.0,40.900001525878906,6.800000190734863,32.5,40,yield,1.0,0.0
31,9.85,39.6,Physical SWC measures,Pulse,Field pea,980.073,2475.0623,17.959497,16.548235,111.723,214.0,40.900001525878906,6.800000190734863,32.5,40,yield,0.8,-0.2231435513142097
31,9.85,39.6,Physical SWC measures,Pulse,Field pea,980.073,2475.0623,17.959497,16.548235,111.723,214.0,40.900001525878906,6.800000190734863,32.5,40,soil loss,0.3333333333333333,-1.0986122886681098
31,9.85,39.6,Physical SWC measures,Pulse,Field pea,980.073,2475.0623,17.959497,16.548235,111.723,214.0,40.900001525878906,6.800000190734863,32.5,40,runoff,0.1215686274509803,-2.10727634067328
31,9.85,39.6,Physical SWC measures,Pulse,Field pea,980.073,2475.0623,17.959497,16.548235,111.723,214.0,40.900001525878906,6.800000190734863,32.5,40,yield,0.5714285714285714,-0.5596157879354228
31,6.42,38.32,Physical SWC measures,Cereal,Maize,1157.3077,1563.5872,4.267274,20.298077,48.65471,303.0,39.79999923706055,6.200000286102295,47.70000076293945,10,yield,0.375,-0.9808292530117262
31,6.42,38.32,Physical SWC measures,Cereal,Maize,1157.3077,1563.5872,4.267274,20.298077,48.65471,303.0,39.79999923706055,6.200000286102295,47.70000076293945,10,yield,0.5,-0.6931471805599453
31,6.91,37.64,Physical SWC measures,Cereal,Sorghum,1496.4543,2068.8474,6.0630846,19.33679,53.29837,334.0,33.900001525878906,5.900000095367432,44.400001525878906,10,yield,0.75,-0.2876820724517809
31,6.91,37.64,Physical SWC measures,Cereal,Sorghum,1496.4543,2068.8474,6.0630846,19.33679,53.29837,334.0,33.900001525878906,5.900000095367432,44.400001525878906,10,runoff,0.0647482014388489,-2.7372493557944724
31,6.91,37.64,Physical SWC measures,Cereal,Barley,1496.4543,2068.8474,6.0630846,19.33679,53.29837,334.0,33.900001525878906,5.900000095367432,44.400001525878906,10,yield,1.0,0.0
31,6.91,37.64,Physical SWC measures,Cereal,Maize,1496.4543,2068.8474,6.0630846,19.33679,53.29837,334.0,33.900001525878906,5.900000095367432,44.400001525878906,10,yield,2.0,0.6931471805599453
31,6.91,37.64,Physical SWC measures,Cereal,Maize,1496.4543,2068.8474,6.0630846,19.33679,53.29837,334.0,33.900001525878906,5.900000095367432,44.400001525878906,10,runoff,0.064516129032258,-2.740840023925201
31,6.91,37.64,Physical SWC measures,Cereal,Barley,1496.4543,2068.8474,6.0630846,19.33679,53.29837,334.0,33.900001525878906,5.900000095367432,44.400001525878906,10,yield,0.8333333333333334,-0.1823215567939546
74,12.42,37.57,Physical SWC measures,Cropland,Cropland,1090.3973,1988.2881,5.7546654,19.044033,113.27259,184.0,39.20000076293945,6.599999904632568,26.80000114440918,40,runoff,0.6885245901639344,-0.3732042458899429
91,9.85,39.6,Physical SWC measures,Pulse,Field pea,980.073,2475.0623,17.959497,16.548235,111.723,214.0,40.900001525878906,6.800000190734863,32.5,40,runoff,0.0852713178294573,-2.4619171315633017
91,9.85,39.6,Physical SWC measures,Cereal,Barley,980.073,2475.0623,17.959497,16.548235,111.723,214.0,40.900001525878906,6.800000190734863,32.5,40,yield,0.631578947368421,-0.4595323293784402
91,9.85,39.6,Physical SWC measures,Cereal,Barley,980.073,2475.0623,17.959497,16.548235,111.723,214.0,40.900001525878906,6.800000190734863,32.5,40,runoff,0.3169398907103825,-1.1490431422950016
91,9.85,39.6,Physical SWC measures,Cereal,Barley,980.073,2475.0623,17.959497,16.548235,111.723,214.0,40.900001525878906,6.800000190734863,32.5,40,yield,0.6666666666666666,-0.4054651081081644
91,9.85,39.6,Physical SWC measures,Cereal,Barley,980.073,2475.0623,17.959497,16.548235,111.723,214.0,40.900001525878906,6.800000190734863,32.5,40,soil loss,0.3571428571428571,-1.029619417181158
91,9.85,39.6,Physical SWC measures,Cereal,Barley,980.073,2475.0623,17.959497,16.548235,111.723,214.0,40.900001525878906,6.800000190734863,32.5,40,runoff,0.8822674418604651,-0.1252600468738453
91,9.85,39.6,Physical SWC measures,Cereal,Barley,980.073,2475.0623,17.959497,16.548235,111.723,214.0,40.900001525878906,6.800000190734863,32.5,40,yield,0.5,-0.6931471805599453
91,9.85,39.6,Physical SWC measures,Cereal,Barley,980.073,2475.0623,17.959497,16.548235,111.723,214.0,40.900001525878906,6.800000190734863,32.5,40,runoff,0.5803108808290155,-0.5441913176097911
91,6.42,38.32,Physical SWC measures,Cereal,Maize,1157.3077,1563.5872,4.267274,20.298077,48.65471,303.0,39.79999923706055,6.200000286102295,47.70000076293945,10,runoff,0.8888888888888888,-0.1177830356563835
91,6.42,38.32,Physical SWC measures,Cereal,Maize,1157.3077,1563.5872,4.267274,20.298077,48.65471,303.0,39.79999923706055,6.200000286102295,47.70000076293945,10,yield,1.0,0.0
91,6.42,38.32,Physical SWC measures,Cereal,Maize,1157.3077,1563.5872,4.267274,20.298077,48.65471,303.0,39.79999923706055,6.200000286102295,47.70000076293945,10,runoff,0.7857142857142857,-0.2411620568168881
91,6.91,37.64,Physical SWC measures,Cereal,Barley,1496.4543,2068.8474,6.0630846,19.33679,53.29837,334.0,33.900001525878906,5.900000095367432,44.400001525878906,10,runoff,0.1793893129770992,-1.7181969020510384
91,6.91,37.64,Physical SWC measures,Cereal,Barley,1496.4543,2068.8474,6.0630846,19.33679,53.29837,334.0,33.900001525878906,5.900000095367432,44.400001525878906,10,yield,1.2,0.1823215567939546
91,6.91,37.64,Physical SWC measures,Cereal,Barley,1496.4543,2068.8474,6.0630846,19.33679,53.29837,334.0,33.900001525878906,5.900000095367432,44.400001525878906,10,runoff,0.6,-0.5108256237659907
91,6.91,37.64,Physical SWC measures,Cereal,Sorghum,1496.4543,2068.8474,6.0630846,19.33679,53.29837,334.0,33.900001525878906,5.900000095367432,44.400001525878906,10,yield,0.875,-0.1335313926245226
91,6.91,37.64,Physical SWC measures,Cereal,Sorghum,1496.4543,2068.8474,6.0630846,19.33679,53.29837,334.0,33.900001525878906,5.900000095367432,44.400001525878906,10,soil loss,0.1666666666666666,-1.791759469228055
91,6.91,37.64,Physical SWC measures,Cereal,Sorghum,1496.4543,2068.8474,6.0630846,19.33679,53.29837,334.0,33.900001525878906,5.900000095367432,44.400001525878906,10,runoff,0.5179856115107914,-0.6578078141146364
91,6.91,37.64,Physical SWC measures,Cereal,Barley,1496.4543,2068.8474,6.0630846,19.33679,53.29837,334.0,33.900001525878906,5.900000095367432,44.400001525878906,10,soil loss,0.1,-2.302585092994045
91,6.91,37.64,Physical SWC measures,Cereal,Barley,1496.4543,2068.8474,6.0630846,19.33679,53.29837,334.0,33.900001525878906,5.900000095367432,44.400001525878906,10,runoff,0.4084507042253521,-0.8953840470548413
91,9.11,40.99,Physical SWC measures,Cereal,Maize,1062.5142,2054.0068,14.286182,17.49087,69.88164,303.0,42.5,7.200000286102295,41.29999923706055,40,runoff,0.0588235294117647,-2.833213344056216
91,9.11,40.99,Physical SWC measures,Cereal,Sorghum,1062.5142,2054.0068,14.286182,17.49087,69.88164,303.0,42.5,7.200000286102295,41.29999923706055,40,yield,2.0,0.6931471805599453
91,9.11,40.99,Physical SWC measures,Cereal,Maize,1062.5142,2054.0068,14.286182,17.49087,69.88164,303.0,42.5,7.200000286102295,41.29999923706055,40,yield,1.0588235294117647,0.0571584138399486
158,7.05,38.47,weeding,Cereal,Maize,999.09607,1692.6757,0.91359246,19.661478,47.787884,273.0,32.10000228881836,6.5,56.79999923706055,50,biomass yield,1.2,0.1823215567939546
158,7.05,38.47,weeding,Cereal,Maize,999.09607,1692.6757,0.91359246,19.661478,47.787884,273.0,32.10000228881836,6.5,56.79999923706055,50,biomass yield,1.7555555555555555,0.5627853626967018
158,7.05,38.47,weeding,Cereal,Maize,999.09607,1692.6757,0.91359246,19.661478,47.787884,273.0,32.10000228881836,6.5,56.79999923706055,50,yield,0.7954545454545454,-0.2288415724288475
158,7.05,38.47,weeding,Cereal,Maize,999.09607,1692.6757,0.91359246,19.661478,47.787884,273.0,32.10000228881836,6.5,56.79999923706055,50,yield,0.5454545454545454,-0.6061358035703156
158,7.05,38.47,weeding,Cereal,Maize,999.09607,1692.6757,0.91359246,19.661478,47.787884,273.0,32.10000228881836,6.5,56.79999923706055,50,yield,1.0,0.0
158,7.05,38.47,weeding,Cereal,Maize,999.09607,1692.6757,0.91359246,19.661478,47.787884,273.0,32.10000228881836,6.5,56.79999923706055,50,yield,1.1785714285714286,0.1643030512912763
158,7.05,38.47,weeding,Cereal,Maize,999.09607,1692.6757,0.91359246,19.661478,47.787884,273.0,32.10000228881836,6.5,56.79999923706055,50,yield,1.5178571428571428,0.4172995657551672
158,7.05,38.47,weeding,Cereal,Maize,999.09607,1692.6757,0.91359246,19.661478,47.787884,273.0,32.10000228881836,6.5,56.79999923706055,50,yield,1.0,0.0
158,7.05,38.47,weeding,Cereal,Maize,999.09607,1692.6757,0.91359246,19.661478,47.787884,273.0,32.10000228881836,6.5,56.79999923706055,50,yield,0.6081081081081081,-0.49740260343385
158,7.05,38.47,weeding,Cereal,Maize,999.09607,1692.6757,0.91359246,19.661478,47.787884,273.0,32.10000228881836,6.5,56.79999923706055,50,yield,0.3918918918918919,-0.9367692632176956
158,7.05,38.47,weeding,Cereal,Maize,999.09607,1692.6757,0.91359246,19.661478,47.787884,273.0,32.10000228881836,6.5,56.79999923706055,50,yield,1.0,0.0
158,7.05,38.47,weeding,Cereal,Maize,999.09607,1692.6757,0.91359246,19.661478,47.787884,273.0,32.10000228881836,6.5,56.79999923706055,50,yield,2.5625,0.9409833444645266
158,7.05,38.47,weeding,Cereal,Maize,999.09607,1692.6757,0.91359246,19.661478,47.787884,273.0,32.10000228881836,6.5,56.79999923706055,50,yield,2.583333333333333,0.949080554697146
11,8.37,35.6,agronomic/biological SWCP,Cereal,Maize,1698.7441,1567.937,8.931056,19.99334,73.39943,275.0,36.400001525878906,6.099999904632568,62.60000228881836,10,yield,0.8333333333333334,-0.1823215567939546
11,8.37,35.6,agronomic/biological SWCP,Cereal,Maize,1698.7441,1567.937,8.931056,19.99334,73.39943,275.0,36.400001525878906,6.099999904632568,62.60000228881836,10,runoff,0.8888888888888888,-0.1177830356563835
91,8.37,35.6,Biological SWC practices,Cereal,Maize,1698.7441,1567.937,8.931056,19.99334,73.39943,275.0,36.400001525878906,6.099999904632568,62.60000228881836,10,yield,0.75,-0.2876820724517809
95,7.66,36.78,Biological SWC practices,Cropland,Cropland,1532.1613,1785.0176,8.9880905,19.129183,59.973312,303.0,34.60000228881836,5.900000095367432,46.5,10,runoff,0.7079646017699115,-0.3453611840384589
95,7.66,36.78,Biological SWC practices,Cropland,Cropland,1532.1613,1785.0176,8.9880905,19.129183,59.973312,303.0,34.60000228881836,5.900000095367432,46.5,10,runoff,0.4918032786885246,-0.7096764825111559
95,7.66,36.78,Biological SWC practices,Cropland,Cropland,1532.1613,1785.0176,8.9880905,19.129183,59.973312,303.0,34.60000228881836,5.900000095367432,46.5,10,runoff,0.2661870503597122,-1.3235560204864674
43,9.13,37.05,Conservation tillage,Cereal,Maize,1299.8027,1670.1641,9.41666,19.77981,82.43692,245.0,45.29999923706055,5.5,40.400001525878906,40,income,2.727064220183486,1.0032256533417474
43,8.99,37.32,Conservation tillage,Cereal,Maize,1227.7218,1706.1106,3.9252129,19.851225,80.52553,245.0,39.5,5.700000286102295,45.0,40,runoff,0.1176470588235294,-2.1400661634962708
43,9.09,37.12,Conservation tillage,Cereal,Maize,1305.635,1718.949,10.976648,19.69371,82.11516,245.0,45.29999923706055,5.599999904632568,45.0,10,yield,1.055755088079357,0.0542562342182253
43,8.96,34.8,Conservation tillage,Cereal,Maize,1389.8339,1730.833,17.454523,20.188871,79.200264,244.0,34.10000228881836,5.800000190734863,47.29999923706055,10,yield,1.0590616375344986,0.0573832684519485
47,9.13,37.05,Conservation tillage,Pulse,Common bean,1299.8027,1670.1641,9.41666,19.77981,82.43692,245.0,45.29999923706055,5.5,40.400001525878906,40,income,1.0,0.0
47,8.96,34.8,Conservation tillage,Cereal,Maize,1389.8339,1730.833,17.454523,20.188871,79.200264,244.0,34.10000228881836,5.800000190734863,47.29999923706055,10,yield,0.9102564102564102,-0.0940289496482763
47,8.96,34.8,Conservation tillage,Cereal,Maize,1389.8339,1730.833,17.454523,20.188871,79.200264,244.0,34.10000228881836,5.800000190734863,47.29999923706055,10,yield,1.5942492012779552,0.4664029052113654
178,11.44,37.49,drip irrigation,Vegetable,Tomato,1353.1218,1905.1847,24.399734,19.093828,109.97334,184.0,44.20000076293945,6.099999904632568,46.900001525878906,30,yield,0.7321721984883339,-0.3117395488497964
178,11.44,37.49,drip irrigation,Vegetable,Tomato,1353.1218,1905.1847,24.399734,19.093828,109.97334,184.0,44.20000076293945,6.099999904632568,46.900001525878906,30,yield,0.9836065573770492,-0.0165293019512105
178,11.44,37.49,drip irrigation,Vegetable,Tomato,1353.1218,1905.1847,24.399734,19.093828,109.97334,184.0,44.20000076293945,6.099999904632568,46.900001525878906,30,water use efficiency,1.3055555555555556,0.2666286632539486
178,11.44,37.49,drip irrigation,Vegetable,Tomato,1353.1218,1905.1847,24.399734,19.093828,109.97334,184.0,44.20000076293945,6.099999904632568,46.900001525878906,30,water use efficiency,1.2592592592592593,0.2305236586118323
178,11.44,37.49,drip irrigation,Vegetable,Tomato,1353.1218,1905.1847,24.399734,19.093828,109.97334,184.0,44.20000076293945,6.099999904632568,46.900001525878906,30,income,0.5430859356545567,-0.6104877106961792
178,11.44,37.49,drip irrigation,Vegetable,Tomato,1353.1218,1905.1847,24.399734,19.093828,109.97334,184.0,44.20000076293945,6.099999904632568,46.900001525878906,30,income,0.9372372088628526,-0.0648188709782062
179,9.12,37.06,drip irrigation,Vegetable,Pepper,1289.9591,1662.212,2.088785,19.822603,82.11679,245.0,43.79999923706055,5.800000190734863,42.5,50,yield,0.625,-0.4700036292457356
179,9.12,37.06,drip irrigation,Vegetable,Pepper,1289.9591,1662.212,2.088785,19.822603,82.11679,245.0,43.79999923706055,5.800000190734863,42.5,50,yield,0.375,-0.9808292530117262
179,9.12,37.06,drip irrigation,Vegetable,Pepper,1289.9591,1662.212,2.088785,19.822603,82.11679,245.0,43.79999923706055,5.800000190734863,42.5,50,water use efficiency,0.8409090909090909,-0.1732717212740366
179,9.12,37.06,drip irrigation,Vegetable,Pepper,1289.9591,1662.212,2.088785,19.822603,82.11679,245.0,43.79999923706055,5.800000190734863,42.5,50,water use efficiency,0.75,-0.2876820724517809
180,11.25,36.83,drip irrigation,Root & tuber,Potato,1602.435,2125.4695,1.4766637,17.151333,98.52159,244.0,47.79999923706055,6.0,45.79999923706055,40,yield,1.0857142857142856,0.082238098236972
180,11.25,36.83,drip irrigation,Vegetable,Onion,1602.435,2125.4695,1.4766637,17.151333,98.52159,244.0,47.79999923706055,6.0,45.79999923706055,40,yield,1.3432835820895523,0.2951170509392991
180,11.25,36.83,drip irrigation,Root & tuber,Potato,1602.435,2125.4695,1.4766637,17.151333,98.52159,244.0,47.79999923706055,6.0,45.79999923706055,40,water use efficiency,1.4285714285714286,0.3566749439387324
180,11.25,36.83,drip irrigation,Vegetable,Onion,1602.435,2125.4695,1.4766637,17.151333,98.52159,244.0,47.79999923706055,6.0,45.79999923706055,40,water use efficiency,1.3333333333333333,0.2876820724517808
65,6.32,36.88,Intercropping,Cereal,Maize,1511.9373,1708.8197,33.951553,21.296822,42.592304,303.0,37.10000228881836,5.900000095367432,51.400001525878906,20,yield,1.5061096902529127,0.409529962218628
65,6.32,36.88,Intercropping,Cereal,Maize,1511.9373,1708.8197,33.951553,21.296822,42.592304,303.0,37.10000228881836,5.900000095367432,51.400001525878906,20,yield,2.85,1.0473189942805592
65,6.32,36.88,Intercropping,Root & tuber,Cassava,1511.9373,1708.8197,33.951553,21.296822,42.592304,303.0,37.10000228881836,5.900000095367432,51.400001525878906,20,yield,1.9805680119581464,0.6833836782920942
65,6.32,36.88,Intercropping,Root & tuber,Cassava,1511.9373,1708.8197,33.951553,21.296822,42.592304,303.0,37.10000228881836,5.900000095367432,51.400001525878906,20,income,1.4404761904761905,0.3649737467534275
65,6.32,36.88,Intercropping,Root & tuber,Cassava,1511.9373,1708.8197,33.951553,21.296822,42.592304,303.0,37.10000228881836,5.900000095367432,51.400001525878906,20,income,1.3392857142857142,0.2921364228011611
65,6.32,36.88,Intercropping,Root & tuber,Cassava,1511.9373,1708.8197,33.951553,21.296822,42.592304,303.0,37.10000228881836,5.900000095367432,51.400001525878906,20,income,1.585016835016835,0.4605950287345621
65,6.32,36.88,Intercropping,Root & tuber,Cassava,1511.9373,1708.8197,33.951553,21.296822,42.592304,303.0,37.10000228881836,5.900000095367432,51.400001525878906,20,income,1.3916666666666666,0.3305020696347091
43,9.13,37.05,organic amedements,Cereal,Maize,1299.8027,1670.1641,9.41666,19.77981,82.43692,245.0,45.29999923706055,5.5,40.400001525878906,40,income,1.0,0.0
43,9.13,37.05,organic amedements,Cereal,Maize,1299.8027,1670.1641,9.41666,19.77981,82.43692,245.0,45.29999923706055,5.5,40.400001525878906,40,income,1.3965303593556382,0.3339908457698275
43,9.13,37.05,organic amedements,Cereal,Maize,1299.8027,1670.1641,9.41666,19.77981,82.43692,245.0,45.29999923706055,5.5,40.400001525878906,40,income,2.325898389095415,0.8441063683165599
43,9.13,37.05,organic amedements,Cereal,Maize,1299.8027,1670.1641,9.41666,19.77981,82.43692,245.0,45.29999923706055,5.5,40.400001525878906,40,income,1.0,0.0
43,9.13,37.05,organic amedements,Cereal,Maize,1299.8027,1670.1641,9.41666,19.77981,82.43692,245.0,45.29999923706055,5.5,40.400001525878906,40,income,1.6582857142857144,0.5057843665265734
43,9.13,37.05,organic amedements,Cereal,Maize,1299.8027,1670.1641,9.41666,19.77981,82.43692,245.0,45.29999923706055,5.5,40.400001525878906,40,income,1.676,0.5164100020598913
180,10.62,37.06,overhead irrigation with mulching,Vegetable,Garlic,1600.0673,1993.4414,1.5892981,18.275728,95.61924,244.0,50.29999923706055,5.700000286102295,44.29999923706055,30,yield,2.702702702702702,0.9942522733438668
180,10.62,37.06,overhead irrigation with mulching,Vegetable,Cabbage,1600.0673,1993.4414,1.5892981,18.275728,95.61924,244.0,50.29999923706055,5.700000286102295,44.29999923706055,30,yield,1.4181818181818182,0.3493756414571208
180,10.62,37.06,overhead irrigation with mulching,Root & tuber,Potato,1600.0673,1993.4414,1.5892981,18.275728,95.61924,244.0,50.29999923706055,5.700000286102295,44.29999923706055,30,yield,1.3555555555555556,0.3042113744029915
180,10.62,37.06,overhead irrigation with mulching,Cereal,Maize,1600.0673,1993.4414,1.5892981,18.275728,95.61924,244.0,50.29999923706055,5.700000286102295,44.29999923706055,30,yield,1.1527777777777777,0.1421744887805425
180,10.62,37.06,overhead irrigation with mulching,Vegetable,Garlic,1600.0673,1993.4414,1.5892981,18.275728,95.61924,244.0,50.29999923706055,5.700000286102295,44.29999923706055,30,water use efficiency,3.0,1.0986122886681098
180,10.62,37.06,overhead irrigation with mulching,Vegetable,Cabbage,1600.0673,1993.4414,1.5892981,18.275728,95.61924,244.0,50.29999923706055,5.700000286102295,44.29999923706055,30,water use efficiency,1.4285714285714286,0.3566749439387324
180,10.62,37.06,overhead irrigation with mulching,Root & tuber,Potato,1600.0673,1993.4414,1.5892981,18.275728,95.61924,244.0,50.29999923706055,5.700000286102295,44.29999923706055,30,water use efficiency,1.4444444444444444,0.3677247801253173
180,10.62,37.06,overhead irrigation with mulching,Cereal,Maize,1600.0673,1993.4414,1.5892981,18.275728,95.61924,244.0,50.29999923706055,5.700000286102295,44.29999923706055,30,water use efficiency,1.0,0.0
2,11.34,37.42,Physical SWC measures,Cereal,Wheat,1468.2164,2238.207,9.390203,17.161898,101.96051,244.0,51.10000228881836,6.0,37.5,40,yield,1.0,0.0
2,11.34,37.42,Physical SWC measures,Cereal,Wheat,1468.2164,2238.207,9.390203,17.161898,101.96051,244.0,51.10000228881836,6.0,37.5,40,yield,1.3529411764705883,0.3022808718729337
2,11.34,37.42,Physical SWC measures,Cereal,Wheat,1468.2164,2238.207,9.390203,17.161898,101.96051,244.0,51.10000228881836,6.0,37.5,40,yield,1.0,0.0
2,11.34,37.42,Physical SWC measures,Cereal,Wheat,1468.2164,2238.207,9.390203,17.161898,101.96051,244.0,51.10000228881836,6.0,37.5,40,yield,1.0588235294117647,0.0571584138399486
3,9.11,35.33,Physical SWC measures,Cereal,Barley,1578.9165,1586.6376,8.42341,20.02047,88.988556,244.0,27.600000381469727,5.800000190734863,49.900001525878906,10,yield,1.0338243316966722,0.0332648696768217
3,9.11,35.33,Physical SWC measures,Cereal,Barley,1578.9165,1586.6376,8.42341,20.02047,88.988556,244.0,27.600000381469727,5.800000190734863,49.900001525878906,10,yield,0.958720330237358,-0.0421558730769276
3,9.11,35.33,Physical SWC measures,Cereal,Barley,1578.9165,1586.6376,8.42341,20.02047,88.988556,244.0,27.600000381469727,5.800000190734863,49.900001525878906,10,yield,1.0319917440660475,0.0314906670913708
3,9.11,35.33,Physical SWC measures,Cereal,Barley,1578.9165,1586.6376,8.42341,20.02047,88.988556,244.0,27.600000381469727,5.800000190734863,49.900001525878906,10,yield,1.077433041633519,0.0745813987293696
3,9.11,35.33,Physical SWC measures,Cereal,Barley,1578.9165,1586.6376,8.42341,20.02047,88.988556,244.0,27.600000381469727,5.800000190734863,49.900001525878906,10,yield,1.1933174224343674,0.1767371785000539
3,9.11,35.33,Physical SWC measures,Cereal,Barley,1578.9165,1586.6376,8.42341,20.02047,88.988556,244.0,27.600000381469727,5.800000190734863,49.900001525878906,10,yield,1.0773686388084402,0.0745216226249768
3,9.11,35.33,Physical SWC measures,Cereal,Barley,1578.9165,1586.6376,8.42341,20.02047,88.988556,244.0,27.600000381469727,5.800000190734863,49.900001525878906,10,yield,1.0086884567645842,0.0086509293377338
3,9.11,35.33,Physical SWC measures,Cereal,Barley,1578.9165,1586.6376,8.42341,20.02047,88.988556,244.0,27.600000381469727,5.800000190734863,49.900001525878906,10,yield,1.0579135263784212,0.0562985969940943
3,9.11,35.33,Physical SWC measures,Cereal,Barley,1578.9165,1586.6376,8.42341,20.02047,88.988556,244.0,27.600000381469727,5.800000190734863,49.900001525878906,10,yield,0.9337564458548196,-0.0685396393676977
3,9.11,35.33,Physical SWC measures,Cereal,Barley,1578.9165,1586.6376,8.42341,20.02047,88.988556,244.0,27.600000381469727,5.800000190734863,49.900001525878906,10,yield,1.0737746336533602,0.0711801357559514
3,9.11,35.33,Physical SWC measures,Cereal,Barley,1578.9165,1586.6376,8.42341,20.02047,88.988556,244.0,27.600000381469727,5.800000190734863,49.900001525878906,10,yield,0.989388580090955,-0.01066812251211
3,9.11,35.33,Physical SWC measures,Cereal,Barley,1578.9165,1586.6376,8.42341,20.02047,88.988556,244.0,27.600000381469727,5.800000190734863,49.900001525878906,10,yield,1.1121775644871026,0.1063198633750064
3,9.11,35.33,Physical SWC measures,Cereal,Barley,1578.9165,1586.6376,8.42341,20.02047,88.988556,244.0,27.600000381469727,5.800000190734863,49.900001525878906,10,yield,1.0875824835032994,0.0839573280040571
3,9.11,35.33,Physical SWC measures,Cereal,Barley,1578.9165,1586.6376,8.42341,20.02047,88.988556,244.0,27.600000381469727,5.800000190734863,49.900001525878906,10,yield,1.14016,0.1311686034353342
3,9.11,35.33,Physical SWC measures,Cereal,Barley,1578.9165,1586.6376,8.42341,20.02047,88.988556,244.0,27.600000381469727,5.800000190734863,49.900001525878906,10,yield,1.12,0.1133286853070032
3,9.11,35.33,Physical SWC measures,Cereal,Barley,1578.9165,1586.6376,8.42341,20.02047,88.988556,244.0,27.600000381469727,5.800000190734863,49.900001525878906,10,yield,0.9303135888501742,-0.0722335573593715
21,8.37,35.6,Physical SWC measures,Cereal,Teff,1698.7441,1567.937,8.931056,19.99334,73.39943,275.0,36.400001525878906,6.099999904632568,62.60000228881836,10,yield,0.6303370786516854,-0.4615005572034891
21,8.37,35.6,Physical SWC measures,Cereal,Maize,1698.7441,1567.937,8.931056,19.99334,73.39943,275.0,36.400001525878906,6.099999904632568,62.60000228881836,10,yield,0.8235294117647058,-0.1941560144409575
21,8.37,35.6,Physical SWC measures,Cereal,Maize,1698.7441,1567.937,8.931056,19.99334,73.39943,275.0,36.400001525878906,6.099999904632568,62.60000228881836,10,runoff,0.85,-0.1625189294977749
21,8.37,35.6,Physical SWC measures,Cereal,Maize,1698.7441,1567.937,8.931056,19.99334,73.39943,275.0,36.400001525878906,6.099999904632568,62.60000228881836,10,yield,0.5625,-0.5753641449035618
21,8.37,35.6,Physical SWC measures,Cereal,Maize,1698.7441,1567.937,8.931056,19.99334,73.39943,275.0,36.400001525878906,6.099999904632568,62.60000228881836,10,runoff,0.316546762589928,-1.1502842992124307
21,8.37,35.6,Physical SWC measures,Cereal,Maize,1698.7441,1567.937,8.931056,19.99334,73.39943,275.0,36.400001525878906,6.099999904632568,62.60000228881836,10,yield,0.8333333333333334,-0.1823215567939546
21,8.37,35.6,Physical SWC measures,Cereal,Maize,1698.7441,1567.937,8.931056,19.99334,73.39943,275.0,36.400001525878906,6.099999904632568,62.60000228881836,10,runoff,1.1111111111111112,0.1053605156578263
21,8.37,35.6,Physical SWC measures,Cereal,Maize,1698.7441,1567.937,8.931056,19.99334,73.39943,275.0,36.400001525878906,6.099999904632568,62.60000228881836,10,yield,0.8666666666666667,-0.1431008436406733
21,8.37,35.6,Physical SWC measures,Cereal,Maize,1698.7441,1567.937,8.931056,19.99334,73.39943,275.0,36.400001525878906,6.099999904632568,62.60000228881836,10,runoff,1.7857142857142858,0.5798184952529422
21,8.37,35.6,Physical SWC measures,Cereal,Maize,1698.7441,1567.937,8.931056,19.99334,73.39943,275.0,36.400001525878906,6.099999904632568,62.60000228881836,10,soil loss,0.08,-2.525728644308256
21,8.37,35.6,Physical SWC measures,Cereal,Teff,1698.7441,1567.937,8.931056,19.99334,73.39943,275.0,36.400001525878906,6.099999904632568,62.60000228881836,10,yield,1.0,0.0
21,8.37,35.6,Physical SWC measures,Cereal,Teff,1698.7441,1567.937,8.931056,19.99334,73.39943,275.0,36.400001525878906,6.099999904632568,62.60000228881836,10,runoff,0.2727272727272727,-1.2992829841302609
21,8.37,35.6,Physical SWC measures,Cereal,Maize,1698.7441,1567.937,8.931056,19.99334,73.39943,275.0,36.400001525878906,6.099999904632568,62.60000228881836,10,yield,0.7647058823529411,-0.2682639865946794
21,8.37,35.6,Physical SWC measures,Cereal,Maize,1698.7441,1567.937,8.931056,19.99334,73.39943,275.0,36.400001525878906,6.099999904632568,62.60000228881836,10,runoff,1.65,0.5007752879124892
21,8.37,35.6,Physical SWC measures,Cereal,Maize,1698.7441,1567.937,8.931056,19.99334,73.39943,275.0,36.400001525878906,6.099999904632568,62.60000228881836,10,yield,0.625,-0.4700036292457356
21,8.37,35.6,Physical SWC measures,Cereal,Maize,1698.7441,1567.937,8.931056,19.99334,73.39943,275.0,36.400001525878906,6.099999904632568,62.60000228881836,10,runoff,0.5971223021582733,-0.5156333253340939
31,8.37,35.6,Physical SWC measures,Cereal,Maize,1698.7441,1567.937,8.931056,19.99334,73.39943,275.0,36.400001525878906,6.099999904632568,62.60000228881836,10,yield,1.0,0.0
31,8.37,35.6,Physical SWC measures,Cereal,Maize,1698.7441,1567.937,8.931056,19.99334,73.39943,275.0,36.400001525878906,6.099999904632568,62.60000228881836,10,runoff,1.1428571428571428,0.1335313926245225
31,8.37,35.6,Physical SWC measures,Cereal,Teff,1698.7441,1567.937,8.931056,19.99334,73.39943,275.0,36.400001525878906,6.099999904632568,62.60000228881836,10,yield,1.0,0.0
31,8.37,35.6,Physical SWC measures,Cereal,Teff,1698.7441,1567.937,8.931056,19.99334,73.39943,275.0,36.400001525878906,6.099999904632568,62.60000228881836,10,runoff,0.2272727272727272,-1.4816045409242156
76,11.34,37.42,Physical SWC measures,Cereal,Maize,1468.2164,2238.207,9.390203,17.161898,101.96051,244.0,51.10000228881836,6.0,37.5,40,yield,0.9333333333333332,-0.0689928714869514
76,11.34,37.42,Physical SWC measures,Cereal,Maize,1468.2164,2238.207,9.390203,17.161898,101.96051,244.0,51.10000228881836,6.0,37.5,40,yield,0.6,-0.5108256237659907
91,8.37,35.6,Physical SWC measures,Cereal,Maize,1698.7441,1567.937,8.931056,19.99334,73.39943,275.0,36.400001525878906,6.099999904632568,62.60000228881836,10,yield,0.6470588235294118,-0.4353180712578455
91,8.37,35.6,Physical SWC measures,Cereal,Maize,1698.7441,1567.937,8.931056,19.99334,73.39943,275.0,36.400001525878906,6.099999904632568,62.60000228881836,10,runoff,0.65,-0.4307829160924542
91,8.37,35.6,Physical SWC measures,Cereal,Maize,1698.7441,1567.937,8.931056,19.99334,73.39943,275.0,36.400001525878906,6.099999904632568,62.60000228881836,10,runoff,0.4100719424460431,-0.8914226652961416
191,13.8,39.73,Deficit irrigation,Root & tuber,Potato,620.2087,2433.2747,10.680485,16.64095,103.38908,184.0,21.89999961853028,7.099999904632568,22.39999961853028,20,yield,0.5919019712306872,-0.5244142469468789
191,13.8,39.73,Deficit irrigation,Root & tuber,Potato,620.2087,2433.2747,10.680485,16.64095,103.38908,184.0,21.89999961853028,7.099999904632568,22.39999961853028,20,yield,0.7202983484283431,-0.3280897799835994
191,13.8,39.73,Deficit irrigation,Root & tuber,Potato,620.2087,2433.2747,10.680485,16.64095,103.38908,184.0,21.89999961853028,7.099999904632568,22.39999961853028,20,yield,0.4439531166755461,-0.8120363151983477
191,13.8,39.73,Deficit irrigation,Root & tuber,Potato,620.2087,2433.2747,10.680485,16.64095,103.38908,184.0,21.89999961853028,7.099999904632568,22.39999961853028,20,yield,0.555673947789025,-0.5875735815857365
191,13.8,39.73,Deficit irrigation,Root & tuber,Potato,620.2087,2433.2747,10.680485,16.64095,103.38908,184.0,21.89999961853028,7.099999904632568,22.39999961853028,20,yield,0.7693127330847096,-0.2622577171337373
191,13.8,39.73,Deficit irrigation,Root & tuber,Potato,620.2087,2433.2747,10.680485,16.64095,103.38908,184.0,21.89999961853028,7.099999904632568,22.39999961853028,20,yield,0.5359616409163559,-0.6236926859268243
191,13.8,39.73,Deficit irrigation,Root & tuber,Potato,620.2087,2433.2747,10.680485,16.64095,103.38908,184.0,21.89999961853028,7.099999904632568,22.39999961853028,20,yield,0.3749067661161427,-0.9810779076140056
191,13.8,39.73,Deficit irrigation,Root & tuber,Potato,620.2087,2433.2747,10.680485,16.64095,103.38908,184.0,21.89999961853028,7.099999904632568,22.39999961853028,20,water use efficiency,0.6666666666666666,-0.4054651081081644
191,13.8,39.73,Deficit irrigation,Root & tuber,Potato,620.2087,2433.2747,10.680485,16.64095,103.38908,184.0,21.89999961853028,7.099999904632568,22.39999961853028,20,water use efficiency,1.0,0.0
80,13.65,39.17,Exclosure,Cereal,Wheat,705.9262,2617.1584,6.05353,15.689896,117.35179,183.0,31.0,7.099999904632568,30.200000762939453,50,biomass yield,1.0,0.0
80,13.65,39.17,Exclosure,Cereal,Wheat,705.9262,2617.1584,6.05353,15.689896,117.35179,183.0,31.0,7.099999904632568,30.200000762939453,50,biomass yield,1.4806201550387597,0.3924610236849577
80,13.65,39.17,Exclosure,Cereal,Wheat,705.9262,2617.1584,6.05353,15.689896,117.35179,183.0,31.0,7.099999904632568,30.200000762939453,50,biomass yield,1.289405684754522,0.2541814027217368
94,13.65,39.17,Exclosure,Pulse,Faba bean,705.9262,2617.1584,6.05353,15.689896,117.35179,183.0,31.0,7.099999904632568,30.200000762939453,50,soil loss,0.3544303797468354,-1.0372433422918177
94,13.65,39.17,Exclosure,Pulse,Faba bean,705.9262,2617.1584,6.05353,15.689896,117.35179,183.0,31.0,7.099999904632568,30.200000762939453,50,yield,1.355263157894737,0.3039956479433047
94,13.65,39.17,Exclosure,Pulse,Faba bean,705.9262,2617.1584,6.05353,15.689896,117.35179,183.0,31.0,7.099999904632568,30.200000762939453,50,soil loss,0.3037974683544304,-1.1913940221190755
94,13.65,39.17,Exclosure,Cereal,Wheat,705.9262,2617.1584,6.05353,15.689896,117.35179,183.0,31.0,7.099999904632568,30.200000762939453,50,yield,1.5,0.4054651081081644
94,13.65,39.17,Exclosure,Cereal,Wheat,705.9262,2617.1584,6.05353,15.689896,117.35179,183.0,31.0,7.099999904632568,30.200000762939453,50,soil loss,0.2083333333333333,-1.5686159179138452
94,13.65,39.17,Exclosure,Cereal,Wheat,705.9262,2617.1584,6.05353,15.689896,117.35179,183.0,31.0,7.099999904632568,30.200000762939453,50,runoff,0.4693877551020408,-0.7563260821814769
94,13.65,39.17,Exclosure,Cereal,Wheat,705.9262,2617.1584,6.05353,15.689896,117.35179,183.0,31.0,7.099999904632568,30.200000762939453,50,yield,1.25,0.2231435513142097
94,13.65,39.17,Exclosure,Cereal,Wheat,705.9262,2617.1584,6.05353,15.689896,117.35179,183.0,31.0,7.099999904632568,30.200000762939453,50,soil loss,0.8333333333333334,-0.1823215567939546
94,13.65,39.17,Exclosure,Cereal,Wheat,705.9262,2617.1584,6.05353,15.689896,117.35179,183.0,31.0,7.099999904632568,30.200000762939453,50,runoff,0.7755102040816326,-0.2542341383842408
94,13.65,39.17,Exclosure,Cereal,Teff,705.9262,2617.1584,6.05353,15.689896,117.35179,183.0,31.0,7.099999904632568,30.200000762939453,50,yield,0.9866666666666668,-0.0134230203321406
94,13.65,39.17,Exclosure,Cereal,Teff,705.9262,2617.1584,6.05353,15.689896,117.35179,183.0,31.0,7.099999904632568,30.200000762939453,50,yield,0.9242424242424242,-0.0787808778531143
94,13.65,39.17,Exclosure,Cropland,Cropland,705.9262,2617.1584,6.05353,15.689896,117.35179,183.0,31.0,7.099999904632568,30.200000762939453,50,soil loss,0.0909090909090909,-2.3978952727983707
94,13.65,39.17,Exclosure,Cropland,Cropland,705.9262,2617.1584,6.05353,15.689896,117.35179,183.0,31.0,7.099999904632568,30.200000762939453,50,soil loss,0.1818181818181818,-1.7047480922384253
94,13.65,39.17,Exclosure,Cropland,Cropland,705.9262,2617.1584,6.05353,15.689896,117.35179,183.0,31.0,7.099999904632568,30.200000762939453,50,runoff,0.2900763358778626,-1.2376111634747655
94,13.65,39.17,Exclosure,Cropland,Cropland,705.9262,2617.1584,6.05353,15.689896,117.35179,183.0,31.0,7.099999904632568,30.200000762939453,50,runoff,0.4732824427480916,-0.74806293815606
94,13.65,39.17,Exclosure,Cropland,Cropland,705.9262,2617.1584,6.05353,15.689896,117.35179,183.0,31.0,7.099999904632568,30.200000762939453,50,runoff,0.4427480916030534,-0.8147543126547322
94,13.65,39.17,Exclosure,Cropland,Cropland,705.9262,2617.1584,6.05353,15.689896,117.35179,183.0,31.0,7.099999904632568,30.200000762939453,50,runoff,0.0687022900763358,-2.677972745864932
94,13.65,39.17,Exclosure,Cropland,Cropland,705.9262,2617.1584,6.05353,15.689896,117.35179,183.0,31.0,7.099999904632568,30.200000762939453,50,runoff,0.1526717557251908,-1.8794650496471603
94,13.65,39.17,Exclosure,Pulse,Faba bean,705.9262,2617.1584,6.05353,15.689896,117.35179,183.0,31.0,7.099999904632568,30.200000762939453,50,SOM content,0.5,-0.6931471805599453
94,13.65,39.21,Exclosure,Forest-Woody,Forest,660.07306,2383.795,17.966547,17.546421,120.79076,153.0,27.89999961853028,7.5,37.29999923706055,40,biomass yield,5.862068965517241,1.7685026070637877
94,13.65,39.21,Exclosure,Forest-Woody,Forest,660.07306,2383.795,17.966547,17.546421,120.79076,153.0,27.89999961853028,7.5,37.29999923706055,40,biomass yield,3.4175334323922733,1.2289190722725132
140,13.67,39.75,grazing management,Cropland,Cropland,621.9606,2359.8276,18.275095,17.178625,104.85835,184.0,25.0,7.0,28.30000114440918,20,yield,1.063063063063063,0.0611544231533306
140,13.67,39.75,grazing management,Cropland,Cropland,621.9606,2359.8276,18.275095,17.178625,104.85835,184.0,25.0,7.0,28.30000114440918,20,yield,0.7927927927927928,-0.2321933868341276
140,13.67,39.75,grazing management,Cropland,Cropland,621.9606,2359.8276,18.275095,17.178625,104.85835,184.0,25.0,7.0,28.30000114440918,20,yield,1.4864864864864864,0.3964152725882464
140,13.67,39.75,grazing management,Cropland,Cropland,621.9606,2359.8276,18.275095,17.178625,104.85835,184.0,25.0,7.0,28.30000114440918,20,yield,0.7657657657657657,-0.2668789448220177
140,13.67,39.75,grazing management,Cropland,Cropland,621.9606,2359.8276,18.275095,17.178625,104.85835,184.0,25.0,7.0,28.30000114440918,20,yield,1.5945945945945943,0.4666195312614949
140,13.67,39.75,grazing management,Cropland,Cropland,621.9606,2359.8276,18.275095,17.178625,104.85835,184.0,25.0,7.0,28.30000114440918,20,yield,0.5135135135135135,-0.6664789334777841
140,13.67,39.75,grazing management,Cropland,Cropland,621.9606,2359.8276,18.275095,17.178625,104.85835,184.0,25.0,7.0,28.30000114440918,20,yield,1.792792792792793,0.5837746234121582
140,13.67,39.75,grazing management,Cropland,Cropland,621.9606,2359.8276,18.275095,17.178625,104.85835,184.0,25.0,7.0,28.30000114440918,20,yield,1.0,0.0
140,13.67,39.75,grazing management,Cropland,Cropland,621.9606,2359.8276,18.275095,17.178625,104.85835,184.0,25.0,7.0,28.30000114440918,20,yield,0.8932038834951457,-0.1129404111805954
140,13.67,39.75,grazing management,Cropland,Cropland,621.9606,2359.8276,18.275095,17.178625,104.85835,184.0,25.0,7.0,28.30000114440918,20,yield,1.233009708737864,0.2094580982289554
140,13.67,39.75,grazing management,Cropland,Cropland,621.9606,2359.8276,18.275095,17.178625,104.85835,184.0,25.0,7.0,28.30000114440918,20,yield,0.7766990291262136,-0.2527023535557541
140,13.67,39.75,grazing management,Cropland,Cropland,621.9606,2359.8276,18.275095,17.178625,104.85835,184.0,25.0,7.0,28.30000114440918,20,yield,1.1650485436893203,0.1527627545524101
140,13.67,39.75,grazing management,Cropland,Cropland,621.9606,2359.8276,18.275095,17.178625,104.85835,184.0,25.0,7.0,28.30000114440918,20,yield,0.7475728155339806,-0.2909235663759519
140,13.67,39.75,grazing management,Cropland,Cropland,621.9606,2359.8276,18.275095,17.178625,104.85835,184.0,25.0,7.0,28.30000114440918,20,yield,1.3106796116504855,0.2705457902087937
140,13.67,39.75,grazing management,Cropland,Cropland,621.9606,2359.8276,18.275095,17.178625,104.85835,184.0,25.0,7.0,28.30000114440918,20,yield,1.037037037037037,0.0363676441708747
140,13.67,39.75,grazing management,Cropland,Cropland,621.9606,2359.8276,18.275095,17.178625,104.85835,184.0,25.0,7.0,28.30000114440918,20,yield,0.9753086419753086,-0.0250013022054172
140,13.67,39.75,grazing management,Cropland,Cropland,621.9606,2359.8276,18.275095,17.178625,104.85835,184.0,25.0,7.0,28.30000114440918,20,yield,1.8271604938271604,0.6027631190916762
140,13.67,39.75,grazing management,Cropland,Cropland,621.9606,2359.8276,18.275095,17.178625,104.85835,184.0,25.0,7.0,28.30000114440918,20,yield,0.925925925925926,-0.0769610411361283
140,13.67,39.75,grazing management,Cropland,Cropland,621.9606,2359.8276,18.275095,17.178625,104.85835,184.0,25.0,7.0,28.30000114440918,20,yield,1.530864197530864,0.425832410932598
140,13.67,39.75,grazing management,Cropland,Cropland,621.9606,2359.8276,18.275095,17.178625,104.85835,184.0,25.0,7.0,28.30000114440918,20,yield,0.8148148148148148,-0.2047944126460132
140,13.67,39.75,grazing management,Cropland,Cropland,621.9606,2359.8276,18.275095,17.178625,104.85835,184.0,25.0,7.0,28.30000114440918,20,yield,1.962962962962963,0.6744550475477928
39,13.67,39.75,In-situ water harvesting,Cereal,Wheat,621.9606,2359.8276,18.275095,17.178625,104.85835,184.0,25.0,7.0,28.30000114440918,20,runoff,0.5704225352112676,-0.561377902928822
39,13.67,39.75,In-situ water harvesting,Cereal,Wheat,621.9606,2359.8276,18.275095,17.178625,104.85835,184.0,25.0,7.0,28.30000114440918,20,yield,1.641768292682927,0.4957738882122995
39,13.67,39.75,In-situ water harvesting,Cereal,Maize,621.9606,2359.8276,18.275095,17.178625,104.85835,184.0,25.0,7.0,28.30000114440918,20,yield,2.511649580615098,0.9209397407123991
39,13.67,39.75,In-situ water harvesting,Cereal,Maize,621.9606,2359.8276,18.275095,17.178625,104.85835,184.0,25.0,7.0,28.30000114440918,20,SOM content,1.5,0.4054651081081644
39,13.67,39.75,In-situ water harvesting,Cereal,Wheat,621.9606,2359.8276,18.275095,17.178625,104.85835,184.0,25.0,7.0,28.30000114440918,20,yield,0.7747747747747747,-0.2551829050588264
39,13.67,39.75,In-situ water harvesting,Pulse,Faba bean,621.9606,2359.8276,18.275095,17.178625,104.85835,184.0,25.0,7.0,28.30000114440918,20,yield,0.8282208588957055,-0.1884754223683329
118,13.67,39.25,In-situ water harvesting,Grassland-Rangeland,Rangeland,662.563,2505.4524,31.800142,16.776386,119.33585,183.0,29.700000762939453,7.5,32.60000228881836,20,soil loss,0.1025641025641025,-2.277267285009756
119,13.67,39.25,In-situ water harvesting,Grassland-Rangeland,Rangeland,662.563,2505.4524,31.800142,16.776386,119.33585,183.0,29.700000762939453,7.5,32.60000228881836,20,runoff,0.3463687150837989,-1.0602514207956637
119,13.67,39.25,In-situ water harvesting,Grassland-Rangeland,Rangeland,662.563,2505.4524,31.800142,16.776386,119.33585,183.0,29.700000762939453,7.5,32.60000228881836,20,runoff,0.1843575418994413,-1.6908782443742747
119,13.67,39.25,In-situ water harvesting,Grassland-Rangeland,Rangeland,662.563,2505.4524,31.800142,16.776386,119.33585,183.0,29.700000762939453,7.5,32.60000228881836,20,runoff,0.3333333333333333,-1.0986122886681098
119,13.67,39.25,In-situ water harvesting,Grassland-Rangeland,Rangeland,662.563,2505.4524,31.800142,16.776386,119.33585,183.0,29.700000762939453,7.5,32.60000228881836,20,runoff,0.1496598639455782,-1.8993901334204204
119,13.67,39.25,In-situ water harvesting,Grassland-Rangeland,Rangeland,662.563,2505.4524,31.800142,16.776386,119.33585,183.0,29.700000762939453,7.5,32.60000228881836,20,runoff,0.2786885245901639,-1.2776605201170952
119,13.67,39.25,In-situ water harvesting,Grassland-Rangeland,Rangeland,662.563,2505.4524,31.800142,16.776386,119.33585,183.0,29.700000762939453,7.5,32.60000228881836,20,runoff,0.1639344262295081,-1.8082887711792657
119,13.67,39.25,In-situ water harvesting,Grassland-Rangeland,Rangeland,662.563,2505.4524,31.800142,16.776386,119.33585,183.0,29.700000762939453,7.5,32.60000228881836,20,soil loss,0.1,-2.302585092994045
119,13.67,39.25,In-situ water harvesting,Grassland-Rangeland,Rangeland,662.563,2505.4524,31.800142,16.776386,119.33585,183.0,29.700000762939453,7.5,32.60000228881836,20,soil loss,0.04,-3.218875824868201
119,13.67,39.25,In-situ water harvesting,Grassland-Rangeland,Rangeland,662.563,2505.4524,31.800142,16.776386,119.33585,183.0,29.700000762939453,7.5,32.60000228881836,20,soil loss,0.131578947368421,-2.0281482472922856
119,13.67,39.25,In-situ water harvesting,Grassland-Rangeland,Rangeland,662.563,2505.4524,31.800142,16.776386,119.33585,183.0,29.700000762939453,7.5,32.60000228881836,20,soil loss,0.0263157894736842,-3.6375861597263857
119,13.67,39.25,In-situ water harvesting,Grassland-Rangeland,Rangeland,662.563,2505.4524,31.800142,16.776386,119.33585,183.0,29.700000762939453,7.5,32.60000228881836,20,soil loss,0.0689655172413793,-2.6741486494265287
119,13.67,39.25,In-situ water harvesting,Grassland-Rangeland,Rangeland,662.563,2505.4524,31.800142,16.776386,119.33585,183.0,29.700000762939453,7.5,32.60000228881836,20,soil loss,0.0344827586206896,-3.367295829986474
119,13.67,39.25,In-situ water harvesting,Cropland,Cropland,662.563,2505.4524,31.800142,16.776386,119.33585,183.0,29.700000762939453,7.5,32.60000228881836,20,runoff,0.44,-0.8209805520698302
119,13.67,39.25,In-situ water harvesting,Cropland,Cropland,662.563,2505.4524,31.800142,16.776386,119.33585,183.0,29.700000762939453,7.5,32.60000228881836,20,runoff,0.2727272727272727,-1.2992829841302609
119,13.67,39.25,In-situ water harvesting,Cropland,Cropland,662.563,2505.4524,31.800142,16.776386,119.33585,183.0,29.700000762939453,7.5,32.60000228881836,20,runoff,0.3939393939393939,-0.9315582040049436
119,13.67,39.25,In-situ water harvesting,Cropland,Cropland,662.563,2505.4524,31.800142,16.776386,119.33585,183.0,29.700000762939453,7.5,32.60000228881836,20,soil loss,0.1666666666666666,-1.791759469228055
119,13.67,39.25,In-situ water harvesting,Cropland,Cropland,662.563,2505.4524,31.800142,16.776386,119.33585,183.0,29.700000762939453,7.5,32.60000228881836,20,soil loss,0.2,-1.6094379124341005
119,13.67,39.25,In-situ water harvesting,Grassland-Rangeland,Rangeland,662.563,2505.4524,31.800142,16.776386,119.33585,183.0,29.700000762939453,7.5,32.60000228881836,20,runoff,0.2783505154639175,-1.2788741124990537
119,13.67,39.25,In-situ water harvesting,Grassland-Rangeland,Rangeland,662.563,2505.4524,31.800142,16.776386,119.33585,183.0,29.700000762939453,7.5,32.60000228881836,20,runoff,0.4702380952380952,-0.7545161269362375
119,13.67,39.25,In-situ water harvesting,Grassland-Rangeland,Rangeland,662.563,2505.4524,31.800142,16.776386,119.33585,183.0,29.700000762939453,7.5,32.60000228881836,20,runoff,0.2321428571428571,-1.4604023332736125
119,13.67,39.25,In-situ water harvesting,Grassland-Rangeland,Rangeland,662.563,2505.4524,31.800142,16.776386,119.33585,183.0,29.700000762939453,7.5,32.60000228881836,20,runoff,0.4339622641509434,-0.8347976976229721
119,13.67,39.25,In-situ water harvesting,Grassland-Rangeland,Rangeland,662.563,2505.4524,31.800142,16.776386,119.33585,183.0,29.700000762939453,7.5,32.60000228881836,20,runoff,0.2138364779874214,-1.5425436776040702
119,13.67,39.25,In-situ water harvesting,Grassland-Rangeland,Rangeland,662.563,2505.4524,31.800142,16.776386,119.33585,183.0,29.700000762939453,7.5,32.60000228881836,20,soil loss,0.2631578947368421,-1.3350010667323402
119,13.67,39.25,In-situ water harvesting,Grassland-Rangeland,Rangeland,662.563,2505.4524,31.800142,16.776386,119.33585,183.0,29.700000762939453,7.5,32.60000228881836,20,soil loss,0.0789473684210526,-2.538973871058276
119,13.67,39.25,In-situ water harvesting,Grassland-Rangeland,Rangeland,662.563,2505.4524,31.800142,16.776386,119.33585,183.0,29.700000762939453,7.5,32.60000228881836,20,soil loss,0.1538461538461538,-1.871802176901592
119,13.67,39.25,In-situ water harvesting,Grassland-Rangeland,Rangeland,662.563,2505.4524,31.800142,16.776386,119.33585,183.0,29.700000762939453,7.5,32.60000228881836,20,soil loss,0.0512820512820512,-2.9704144655697013
119,13.67,39.25,In-situ water harvesting,Grassland-Rangeland,Rangeland,662.563,2505.4524,31.800142,16.776386,119.33585,183.0,29.700000762939453,7.5,32.60000228881836,20,soil loss,0.2413793103448276,-1.421385680931161
119,13.67,39.25,In-situ water harvesting,Grassland-Rangeland,Rangeland,662.563,2505.4524,31.800142,16.776386,119.33585,183.0,29.700000762939453,7.5,32.60000228881836,20,soil loss,0.0689655172413793,-2.6741486494265287
119,13.67,39.25,In-situ water harvesting,Cropland,Cropland,662.563,2505.4524,31.800142,16.776386,119.33585,183.0,29.700000762939453,7.5,32.60000228881836,20,runoff,0.430379746835443,-0.84308732785086
119,13.67,39.25,In-situ water harvesting,Cropland,Cropland,662.563,2505.4524,31.800142,16.776386,119.33585,183.0,29.700000762939453,7.5,32.60000228881836,20,runoff,0.4054054054054054,-0.9028677115420144
119,13.67,39.25,In-situ water harvesting,Cropland,Cropland,662.563,2505.4524,31.800142,16.776386,119.33585,183.0,29.700000762939453,7.5,32.60000228881836,20,runoff,0.3125,-1.1631508098056809
119,13.67,39.25,In-situ water harvesting,Cropland,Cropland,662.563,2505.4524,31.800142,16.776386,119.33585,183.0,29.700000762939453,7.5,32.60000228881836,20,soil loss,0.125,-2.079441541679836
119,13.67,39.25,In-situ water harvesting,Cropland,Cropland,662.563,2505.4524,31.800142,16.776386,119.33585,183.0,29.700000762939453,7.5,32.60000228881836,20,soil loss,0.125,-2.079441541679836
119,13.67,39.25,In-situ water harvesting,Cropland,Cropland,662.563,2505.4524,31.800142,16.776386,119.33585,183.0,29.700000762939453,7.5,32.60000228881836,20,soil loss,0.1666666666666666,-1.791759469228055
123,13.67,39.75,In-situ water harvesting,Pulse,Faba bean,621.9606,2359.8276,18.275095,17.178625,104.85835,184.0,25.0,7.0,28.30000114440918,20,yield,1.063063063063063,0.0611544231533306
123,13.67,39.75,In-situ water harvesting,Pulse,Faba bean,621.9606,2359.8276,18.275095,17.178625,104.85835,184.0,25.0,7.0,28.30000114440918,20,yield,0.7927927927927928,-0.2321933868341276
123,13.67,39.75,In-situ water harvesting,Pulse,Faba bean,621.9606,2359.8276,18.275095,17.178625,104.85835,184.0,25.0,7.0,28.30000114440918,20,yield,1.4864864864864864,0.3964152725882464
123,13.67,39.75,In-situ water harvesting,Pulse,Faba bean,621.9606,2359.8276,18.275095,17.178625,104.85835,184.0,25.0,7.0,28.30000114440918,20,yield,0.7657657657657657,-0.2668789448220177
123,13.67,39.75,In-situ water harvesting,Pulse,Faba bean,621.9606,2359.8276,18.275095,17.178625,104.85835,184.0,25.0,7.0,28.30000114440918,20,yield,1.5945945945945943,0.4666195312614949
123,13.67,39.75,In-situ water harvesting,Pulse,Faba bean,621.9606,2359.8276,18.275095,17.178625,104.85835,184.0,25.0,7.0,28.30000114440918,20,yield,0.5135135135135135,-0.6664789334777841
123,13.67,39.75,In-situ water harvesting,Pulse,Faba bean,621.9606,2359.8276,18.275095,17.178625,104.85835,184.0,25.0,7.0,28.30000114440918,20,yield,1.792792792792793,0.5837746234121582
123,13.67,39.75,In-situ water harvesting,Pulse,Lentil,621.9606,2359.8276,18.275095,17.178625,104.85835,184.0,25.0,7.0,28.30000114440918,20,yield,1.0,0.0
123,13.67,39.75,In-situ water harvesting,Pulse,Lentil,621.9606,2359.8276,18.275095,17.178625,104.85835,184.0,25.0,7.0,28.30000114440918,20,yield,0.8932038834951457,-0.1129404111805954
123,13.67,39.75,In-situ water harvesting,Pulse,Lentil,621.9606,2359.8276,18.275095,17.178625,104.85835,184.0,25.0,7.0,28.30000114440918,20,yield,1.233009708737864,0.2094580982289554
123,13.67,39.75,In-situ water harvesting,Pulse,Lentil,621.9606,2359.8276,18.275095,17.178625,104.85835,184.0,25.0,7.0,28.30000114440918,20,yield,0.7766990291262136,-0.2527023535557541
123,13.67,39.75,In-situ water harvesting,Pulse,Lentil,621.9606,2359.8276,18.275095,17.178625,104.85835,184.0,25.0,7.0,28.30000114440918,20,yield,1.1650485436893203,0.1527627545524101
123,13.67,39.75,In-situ water harvesting,Pulse,Lentil,621.9606,2359.8276,18.275095,17.178625,104.85835,184.0,25.0,7.0,28.30000114440918,20,yield,0.7475728155339806,-0.2909235663759519
123,13.67,39.75,In-situ water harvesting,Pulse,Lentil,621.9606,2359.8276,18.275095,17.178625,104.85835,184.0,25.0,7.0,28.30000114440918,20,yield,1.3106796116504855,0.2705457902087937
123,13.67,39.75,In-situ water harvesting,Pulse,Field pea,621.9606,2359.8276,18.275095,17.178625,104.85835,184.0,25.0,7.0,28.30000114440918,20,yield,1.037037037037037,0.0363676441708747
123,13.67,39.75,In-situ water harvesting,Pulse,Field pea,621.9606,2359.8276,18.275095,17.178625,104.85835,184.0,25.0,7.0,28.30000114440918,20,yield,0.9753086419753086,-0.0250013022054172
123,13.67,39.75,In-situ water harvesting,Pulse,Field pea,621.9606,2359.8276,18.275095,17.178625,104.85835,184.0,25.0,7.0,28.30000114440918,20,yield,1.8271604938271604,0.6027631190916762
123,13.67,39.75,In-situ water harvesting,Pulse,Field pea,621.9606,2359.8276,18.275095,17.178625,104.85835,184.0,25.0,7.0,28.30000114440918,20,yield,0.925925925925926,-0.0769610411361283
123,13.67,39.75,In-situ water harvesting,Pulse,Field pea,621.9606,2359.8276,18.275095,17.178625,104.85835,184.0,25.0,7.0,28.30000114440918,20,yield,1.530864197530864,0.425832410932598
123,13.67,39.75,In-situ water harvesting,Pulse,Field pea,621.9606,2359.8276,18.275095,17.178625,104.85835,184.0,25.0,7.0,28.30000114440918,20,yield,0.8148148148148148,-0.2047944126460132
123,13.67,39.75,In-situ water harvesting,Pulse,Field pea,621.9606,2359.8276,18.275095,17.178625,104.85835,184.0,25.0,7.0,28.30000114440918,20,yield,1.962962962962963,0.6744550475477928
42,13.5,39.67,Physical SWC measures,Cereal,Wheat,642.0321,2385.2346,8.3231125,17.158094,110.69194,184.0,25.39999961853028,7.400000095367432,29.0,40,yield,2.424698795180723,0.8857073085020748
42,13.5,39.67,Physical SWC measures,Pulse,Faba bean,642.0321,2385.2346,8.3231125,17.158094,110.69194,184.0,25.39999961853028,7.400000095367432,29.0,40,yield,1.502803738317757,0.4073325222829598
108,13.67,39.16,Physical SWC measures,Cropland,Cropland,682.9634,2481.1157,20.872934,16.944347,119.92887,153.0,33.10000228881836,7.300000190734863,34.79999923706055,40,soil loss,1.0,0.0
108,13.67,39.16,Physical SWC measures,Cropland,Cropland,682.9634,2481.1157,20.872934,16.944347,119.92887,153.0,33.10000228881836,7.300000190734863,34.79999923706055,40,yield,1.1206896551724137,0.1139442593492176
108,13.67,39.16,Physical SWC measures,Cropland,Cropland,682.9634,2481.1157,20.872934,16.944347,119.92887,153.0,33.10000228881836,7.300000190734863,34.79999923706055,40,soil loss,0.1666666666666666,-1.791759469228055
108,13.67,39.16,Physical SWC measures,Cropland,Cropland,682.9634,2481.1157,20.872934,16.944347,119.92887,153.0,33.10000228881836,7.300000190734863,34.79999923706055,40,soil loss,0.4,-0.916290731874155
108,13.67,39.16,Physical SWC measures,Cropland,Cropland,682.9634,2481.1157,20.872934,16.944347,119.92887,153.0,33.10000228881836,7.300000190734863,34.79999923706055,40,biomass yield,9.853295379899278,2.2878059555674577
118,13.67,39.25,Physical SWC measures,Cropland,Cropland,662.563,2505.4524,31.800142,16.776386,119.33585,183.0,29.700000762939453,7.5,32.60000228881836,20,soil loss,0.5714285714285714,-0.5596157879354228
118,13.67,39.25,Physical SWC measures,Cropland,Cropland,662.563,2505.4524,31.800142,16.776386,119.33585,183.0,29.700000762939453,7.5,32.60000228881836,20,soil loss,0.1428571428571428,-1.9459101490553128
118,13.67,39.25,Physical SWC measures,Grassland-Rangeland,Rangeland,662.563,2505.4524,31.800142,16.776386,119.33585,183.0,29.700000762939453,7.5,32.60000228881836,20,soil loss,0.358974358974359,-1.024504316514388
118,13.67,39.25,Physical SWC measures,Grassland-Rangeland,Rangeland,662.563,2505.4524,31.800142,16.776386,119.33585,183.0,29.700000762939453,7.5,32.60000228881836,20,soil loss,0.0256410256410256,-3.6635616461296463
119,13.67,39.25,Physical SWC measures,Grassland-Rangeland,Rangeland,662.563,2505.4524,31.800142,16.776386,119.33585,183.0,29.700000762939453,7.5,32.60000228881836,20,runoff,0.7039106145251397,-0.3511038988892769
119,13.67,39.25,Physical SWC measures,Grassland-Rangeland,Rangeland,662.563,2505.4524,31.800142,16.776386,119.33585,183.0,29.700000762939453,7.5,32.60000228881836,20,runoff,0.7755102040816326,-0.2542341383842408
119,13.67,39.25,Physical SWC measures,Grassland-Rangeland,Rangeland,662.563,2505.4524,31.800142,16.776386,119.33585,183.0,29.700000762939453,7.5,32.60000228881836,20,runoff,0.7540983606557377,-0.2822324676842163
119,13.67,39.25,Physical SWC measures,Grassland-Rangeland,Rangeland,662.563,2505.4524,31.800142,16.776386,119.33585,183.0,29.700000762939453,7.5,32.60000228881836,20,soil loss,0.32,-1.1394342831883648
119,13.67,39.25,Physical SWC measures,Grassland-Rangeland,Rangeland,662.563,2505.4524,31.800142,16.776386,119.33585,183.0,29.700000762939453,7.5,32.60000228881836,20,soil loss,0.4210526315789473,-0.8649974374866046
119,13.67,39.25,Physical SWC measures,Grassland-Rangeland,Rangeland,662.563,2505.4524,31.800142,16.776386,119.33585,183.0,29.700000762939453,7.5,32.60000228881836,20,soil loss,0.3793103448275862,-0.9694005571881036
119,13.67,39.25,Physical SWC measures,Cropland,Cropland,662.563,2505.4524,31.800142,16.776386,119.33585,183.0,29.700000762939453,7.5,32.60000228881836,20,runoff,0.78,-0.2484613592984996
119,13.67,39.25,Physical SWC measures,Cropland,Cropland,662.563,2505.4524,31.800142,16.776386,119.33585,183.0,29.700000762939453,7.5,32.60000228881836,20,runoff,0.5454545454545454,-0.6061358035703156
119,13.67,39.25,Physical SWC measures,Cropland,Cropland,662.563,2505.4524,31.800142,16.776386,119.33585,183.0,29.700000762939453,7.5,32.60000228881836,20,runoff,0.7272727272727273,-0.3184537311185346
119,13.67,39.25,Physical SWC measures,Cropland,Cropland,662.563,2505.4524,31.800142,16.776386,119.33585,183.0,29.700000762939453,7.5,32.60000228881836,20,soil loss,0.5,-0.6931471805599453
119,13.67,39.25,Physical SWC measures,Cropland,Cropland,662.563,2505.4524,31.800142,16.776386,119.33585,183.0,29.700000762939453,7.5,32.60000228881836,20,soil loss,0.6,-0.5108256237659907
119,13.67,39.25,Physical SWC measures,Grassland-Rangeland,Rangeland,662.563,2505.4524,31.800142,16.776386,119.33585,183.0,29.700000762939453,7.5,32.60000228881836,20,runoff,0.634020618556701,-0.4556738036909107
119,13.67,39.25,Physical SWC measures,Grassland-Rangeland,Rangeland,662.563,2505.4524,31.800142,16.776386,119.33585,183.0,29.700000762939453,7.5,32.60000228881836,20,runoff,0.6701030927835051,-0.4003237086077458
119,13.67,39.25,Physical SWC measures,Grassland-Rangeland,Rangeland,662.563,2505.4524,31.800142,16.776386,119.33585,183.0,29.700000762939453,7.5,32.60000228881836,20,runoff,0.8333333333333334,-0.1823215567939546
119,13.67,39.25,Physical SWC measures,Grassland-Rangeland,Rangeland,662.563,2505.4524,31.800142,16.776386,119.33585,183.0,29.700000762939453,7.5,32.60000228881836,20,runoff,0.7421383647798742,-0.2982195777545668
119,13.67,39.25,Physical SWC measures,Grassland-Rangeland,Rangeland,662.563,2505.4524,31.800142,16.776386,119.33585,183.0,29.700000762939453,7.5,32.60000228881836,20,soil loss,0.3157894736842105,-1.1526795099383855
119,13.67,39.25,Physical SWC measures,Grassland-Rangeland,Rangeland,662.563,2505.4524,31.800142,16.776386,119.33585,183.0,29.700000762939453,7.5,32.60000228881836,20,soil loss,0.3076923076923077,-1.1786549963416462
119,13.67,39.25,Physical SWC measures,Grassland-Rangeland,Rangeland,662.563,2505.4524,31.800142,16.776386,119.33585,183.0,29.700000762939453,7.5,32.60000228881836,20,soil loss,0.5172413793103449,-0.6592456288842639
119,13.67,39.25,Physical SWC measures,Cropland,Cropland,662.563,2505.4524,31.800142,16.776386,119.33585,183.0,29.700000762939453,7.5,32.60000228881836,20,runoff,0.7974683544303798,-0.2263131260754887
119,13.67,39.25,Physical SWC measures,Cropland,Cropland,662.563,2505.4524,31.800142,16.776386,119.33585,183.0,29.700000762939453,7.5,32.60000228881836,20,runoff,0.7432432432432432,-0.2967319079716989
119,13.67,39.25,Physical SWC measures,Cropland,Cropland,662.563,2505.4524,31.800142,16.776386,119.33585,183.0,29.700000762939453,7.5,32.60000228881836,20,runoff,0.6875,-0.3746934494414107
119,13.67,39.25,Physical SWC measures,Cropland,Cropland,662.563,2505.4524,31.800142,16.776386,119.33585,183.0,29.700000762939453,7.5,32.60000228881836,20,soil loss,0.5,-0.6931471805599453
119,13.67,39.25,Physical SWC measures,Cropland,Cropland,662.563,2505.4524,31.800142,16.776386,119.33585,183.0,29.700000762939453,7.5,32.60000228881836,20,soil loss,0.5,-0.6931471805599453
119,13.67,39.25,Physical SWC measures,Cropland,Cropland,662.563,2505.4524,31.800142,16.776386,119.33585,183.0,29.700000762939453,7.5,32.60000228881836,20,soil loss,0.5,-0.6931471805599453
1,9.54,38.3,agronomic/biological SWCP,Cereal,Sorghum,1062.0215,2539.984,2.8539543,15.580222,97.58183,273.0,42.79999923706055,6.400000095367432,43.60000228881836,40,yield,1.4324324324324325,0.3593740009078974
1,9.54,38.3,agronomic/biological SWCP,Cereal,Sorghum,1062.0215,2539.984,2.8539543,15.580222,97.58183,273.0,42.79999923706055,6.400000095367432,43.60000228881836,40,yield,3.1645569620253164,1.152013065395225
16,11.0,39.66,agronomic/biological SWCP,Pulse,Common bean,1005.18774,2655.4287,31.705753,14.8304405,107.18246,273.0,28.700000762939453,6.5,52.400001525878906,20,yield,0.625,-0.4700036292457356
16,11.0,39.66,agronomic/biological SWCP,Pulse,Common bean,1005.18774,2655.4287,31.705753,14.8304405,107.18246,273.0,28.700000762939453,6.5,52.400001525878906,20,runoff,0.3666666666666666,-1.0033021088637848
16,11.0,39.66,agronomic/biological SWCP,Cereal,Wheat,1005.18774,2655.4287,31.705753,14.8304405,107.18246,273.0,28.700000762939453,6.5,52.400001525878906,20,yield,0.6666666666666666,-0.4054651081081644
16,11.0,39.66,agronomic/biological SWCP,Cereal,Wheat,1005.18774,2655.4287,31.705753,14.8304405,107.18246,273.0,28.700000762939453,6.5,52.400001525878906,20,runoff,0.4705882352941176,-0.7537718023763802
16,11.0,39.66,agronomic/biological SWCP,Cereal,Maize,1005.18774,2655.4287,31.705753,14.8304405,107.18246,273.0,28.700000762939453,6.5,52.400001525878906,20,yield,0.7368421052631579,-0.3053816495511819
16,11.0,39.66,agronomic/biological SWCP,Cereal,Maize,1005.18774,2655.4287,31.705753,14.8304405,107.18246,273.0,28.700000762939453,6.5,52.400001525878906,20,runoff,0.9090909090909092,-0.0953101798043249
16,11.0,39.66,agronomic/biological SWCP,Cereal,Barley,1005.18774,2655.4287,31.705753,14.8304405,107.18246,273.0,28.700000762939453,6.5,52.400001525878906,20,yield,0.6756756756756757,-0.3920420877760237
16,11.0,39.66,agronomic/biological SWCP,Cereal,Barley,1005.18774,2655.4287,31.705753,14.8304405,107.18246,273.0,28.700000762939453,6.5,52.400001525878906,20,soil loss,0.75,-0.2876820724517809
16,11.0,39.66,agronomic/biological SWCP,Cereal,Barley,1005.18774,2655.4287,31.705753,14.8304405,107.18246,273.0,28.700000762939453,6.5,52.400001525878906,20,runoff,0.9,-0.1053605156578262
91,11.0,39.66,Biological SWC practices,Cropland,Cropland,1005.18774,2655.4287,31.705753,14.8304405,107.18246,273.0,28.700000762939453,6.5,52.400001525878906,20,soil loss,0.5,-0.6931471805599453
91,11.0,39.66,Biological SWC practices,Cropland,Cropland,1005.18774,2655.4287,31.705753,14.8304405,107.18246,273.0,28.700000762939453,6.5,52.400001525878906,20,runoff,0.68,-0.3856624808119846
4,7.1,39.2,Conservation tillage,Oilseed,Niger seed,760.6466,2365.2317,2.9611669,15.029548,64.1182,273.0,31.200000762939453,7.099999904632568,34.10000228881836,50,soil loss,0.2372881355932203,-1.4384801142904609
13,8.97,39.12,Conservation tillage,Cropland,Cropland,1049.4402,2410.25,4.420135,16.189087,95.57989,273.0,55.400001525878906,6.900000095367432,28.0,50,SOM content,2.0,0.6931471805599453
13,8.97,39.12,Conservation tillage,Cropland,Cropland,1049.4402,2410.25,4.420135,16.189087,95.57989,273.0,55.400001525878906,6.900000095367432,28.0,50,SOM content,2.0,0.6931471805599453
13,8.97,39.12,Conservation tillage,Cereal,Sorghum,1049.4402,2410.25,4.420135,16.189087,95.57989,273.0,55.400001525878906,6.900000095367432,28.0,50,yield,1.308411214953271,0.2688135881473981
13,8.97,39.12,Conservation tillage,Cereal,Sorghum,1049.4402,2410.25,4.420135,16.189087,95.57989,273.0,55.400001525878906,6.900000095367432,28.0,50,yield,1.4018691588785046,0.3378064596343495
13,8.97,39.12,Conservation tillage,Cereal,Sorghum,1049.4402,2410.25,4.420135,16.189087,95.57989,273.0,55.400001525878906,6.900000095367432,28.0,50,yield,1.0,0.0
13,8.97,39.12,Conservation tillage,Cereal,Sorghum,1049.4402,2410.25,4.420135,16.189087,95.57989,273.0,55.400001525878906,6.900000095367432,28.0,50,yield,1.0857142857142856,0.082238098236972
13,8.97,39.12,Conservation tillage,Cereal,Sorghum,1049.4402,2410.25,4.420135,16.189087,95.57989,273.0,55.400001525878906,6.900000095367432,28.0,50,yield,1.2285714285714286,0.2058520542041488
13,8.97,39.12,Conservation tillage,Cereal,Sorghum,1049.4402,2410.25,4.420135,16.189087,95.57989,273.0,55.400001525878906,6.900000095367432,28.0,50,yield,1.2285714285714286,0.2058520542041488
13,8.97,39.12,Conservation tillage,Cereal,Sorghum,1049.4402,2410.25,4.420135,16.189087,95.57989,273.0,55.400001525878906,6.900000095367432,28.0,50,yield,1.1666666666666667,0.1541506798272583
13,8.97,39.12,Conservation tillage,Cereal,Sorghum,1049.4402,2410.25,4.420135,16.189087,95.57989,273.0,55.400001525878906,6.900000095367432,28.0,50,yield,1.5238095238095235,0.4212134650763035
13,8.97,39.12,Conservation tillage,Cereal,Sorghum,1049.4402,2410.25,4.420135,16.189087,95.57989,273.0,55.400001525878906,6.900000095367432,28.0,50,yield,14.285714285714286,2.659260036932778
13,8.97,39.12,Conservation tillage,Cereal,Sorghum,1049.4402,2410.25,4.420135,16.189087,95.57989,273.0,55.400001525878906,6.900000095367432,28.0,50,yield,1.25,0.2231435513142097
13,8.97,39.12,Conservation tillage,Cereal,Sorghum,1049.4402,2410.25,4.420135,16.189087,95.57989,273.0,55.400001525878906,6.900000095367432,28.0,50,yield,1.5,0.4054651081081644
13,8.97,39.12,Conservation tillage,Cereal,Sorghum,1049.4402,2410.25,4.420135,16.189087,95.57989,273.0,55.400001525878906,6.900000095367432,28.0,50,yield,1.625,0.4855078157817008
121,9.07,38.12,Conservation tillage,Cereal,Barley,1047.815,2382.6057,12.86462,16.053041,84.448074,273.0,39.10000228881836,6.099999904632568,44.20000076293945,40,soil loss,0.5581395348837209,-0.5831462853456169
121,9.07,38.12,Conservation tillage,Cereal,Barley,1047.815,2382.6057,12.86462,16.053041,84.448074,273.0,39.10000228881836,6.099999904632568,44.20000076293945,40,runoff,0.6666666666666666,-0.4054651081081644
121,9.07,38.12,Conservation tillage,Cereal,Barley,1047.815,2382.6057,12.86462,16.053041,84.448074,273.0,39.10000228881836,6.099999904632568,44.20000076293945,40,SOM content,0.5,-0.6931471805599453
144,9.06,38.49,Intercropping,Cereal,Barley,989.66895,2387.8752,3.5762084,16.001127,87.93184,273.0,44.70000076293945,6.300000190734863,34.400001525878906,50,biomass yield,1.5925925925925926,0.4653632496892333
144,9.06,38.49,Intercropping,Cereal,Barley,989.66895,2387.8752,3.5762084,16.001127,87.93184,273.0,44.70000076293945,6.300000190734863,34.400001525878906,50,biomass yield,1.962962962962963,0.6744550475477928
144,9.06,38.49,Intercropping,Cereal,Barley,989.66895,2387.8752,3.5762084,16.001127,87.93184,273.0,44.70000076293945,6.300000190734863,34.400001525878906,50,biomass yield,1.148148148148148,0.1381503384808171
144,9.06,38.49,Intercropping,Cereal,Barley,989.66895,2387.8752,3.5762084,16.001127,87.93184,273.0,44.70000076293945,6.300000190734863,34.400001525878906,50,biomass yield,1.5555555555555556,0.4418327522790392
144,9.06,38.49,Intercropping,Cereal,Barley,989.66895,2387.8752,3.5762084,16.001127,87.93184,273.0,44.70000076293945,6.300000190734863,34.400001525878906,50,biomass yield,1.7407407407407407,0.5543107357057295
144,9.06,38.49,Intercropping,Cereal,Barley,989.66895,2387.8752,3.5762084,16.001127,87.93184,273.0,44.70000076293945,6.300000190734863,34.400001525878906,50,biomass yield,1.1666666666666667,0.1541506798272583
144,9.06,38.49,Intercropping,Cereal,Barley,989.66895,2387.8752,3.5762084,16.001127,87.93184,273.0,44.70000076293945,6.300000190734863,34.400001525878906,50,biomass yield,1.8148148148148149,0.5959834321062976
144,9.06,38.49,Intercropping,Cereal,Barley,989.66895,2387.8752,3.5762084,16.001127,87.93184,273.0,44.70000076293945,6.300000190734863,34.400001525878906,50,biomass yield,1.962962962962963,0.6744550475477928
144,9.06,38.49,Intercropping,Cereal,Barley,989.66895,2387.8752,3.5762084,16.001127,87.93184,273.0,44.70000076293945,6.300000190734863,34.400001525878906,50,biomass yield,0.9074074074074074,-0.0971637484536477
144,9.06,38.49,Intercropping,Cereal,Barley,989.66895,2387.8752,3.5762084,16.001127,87.93184,273.0,44.70000076293945,6.300000190734863,34.400001525878906,50,biomass yield,0.8888888888888888,-0.1177830356563835
144,9.06,38.49,Intercropping,Cereal,Barley,989.66895,2387.8752,3.5762084,16.001127,87.93184,273.0,44.70000076293945,6.300000190734863,34.400001525878906,50,biomass yield,0.6296296296296297,-0.4626235219481129
133,9.06,38.49,ISFM,Oilseed,Rapeseed,989.66895,2387.8752,3.5762084,16.001127,87.93184,273.0,44.70000076293945,6.300000190734863,34.400001525878906,50,yield,10.0,2.302585092994046
133,9.06,38.49,ISFM,Oilseed,Rapeseed,989.66895,2387.8752,3.5762084,16.001127,87.93184,273.0,44.70000076293945,6.300000190734863,34.400001525878906,50,yield,6.4,1.8562979903656265
133,9.06,38.49,ISFM,Oilseed,Rapeseed,989.66895,2387.8752,3.5762084,16.001127,87.93184,273.0,44.70000076293945,6.300000190734863,34.400001525878906,50,yield,7.4,2.0014800002101243
133,9.06,38.49,ISFM,Oilseed,Rapeseed,989.66895,2387.8752,3.5762084,16.001127,87.93184,273.0,44.70000076293945,6.300000190734863,34.400001525878906,50,yield,7.9,2.066862759472976
133,9.06,38.49,ISFM,Oilseed,Rapeseed,989.66895,2387.8752,3.5762084,16.001127,87.93184,273.0,44.70000076293945,6.300000190734863,34.400001525878906,50,yield,4.85,1.5789787049493915
133,9.06,38.49,ISFM,Oilseed,Rapeseed,989.66895,2387.8752,3.5762084,16.001127,87.93184,273.0,44.70000076293945,6.300000190734863,34.400001525878906,50,yield,5.3,1.667706820558076
133,9.06,38.49,ISFM,Oilseed,Rapeseed,989.66895,2387.8752,3.5762084,16.001127,87.93184,273.0,44.70000076293945,6.300000190734863,34.400001525878906,50,yield,8.4,2.128231705849268
133,9.06,38.49,ISFM,Oilseed,Rapeseed,989.66895,2387.8752,3.5762084,16.001127,87.93184,273.0,44.70000076293945,6.300000190734863,34.400001525878906,50,yield,4.6,1.5260563034950492
133,9.06,38.49,ISFM,Oilseed,Rapeseed,989.66895,2387.8752,3.5762084,16.001127,87.93184,273.0,44.70000076293945,6.300000190734863,34.400001525878906,50,yield,5.7,1.7404661748405046
133,9.06,38.49,ISFM,Oilseed,Rapeseed,989.66895,2387.8752,3.5762084,16.001127,87.93184,273.0,44.70000076293945,6.300000190734863,34.400001525878906,50,yield,9.2,2.2192034840549946
133,9.06,38.49,ISFM,Oilseed,Rapeseed,989.66895,2387.8752,3.5762084,16.001127,87.93184,273.0,44.70000076293945,6.300000190734863,34.400001525878906,50,yield,6.0,1.791759469228055
133,9.06,38.49,ISFM,Oilseed,Rapeseed,989.66895,2387.8752,3.5762084,16.001127,87.93184,273.0,44.70000076293945,6.300000190734863,34.400001525878906,50,yield,7.2,1.9740810260220096
133,9.06,38.49,ISFM,Oilseed,Rapeseed,989.66895,2387.8752,3.5762084,16.001127,87.93184,273.0,44.70000076293945,6.300000190734863,34.400001525878906,50,yield,6.9,1.9315214116032136
133,9.06,38.49,ISFM,Oilseed,Rapeseed,989.66895,2387.8752,3.5762084,16.001127,87.93184,273.0,44.70000076293945,6.300000190734863,34.400001525878906,50,yield,5.65,1.7316555451583495
133,9.06,38.49,ISFM,Cereal,Barley,989.66895,2387.8752,3.5762084,16.001127,87.93184,273.0,44.70000076293945,6.300000190734863,34.400001525878906,50,yield,1.0,0.0
133,9.06,38.49,ISFM,Cereal,Barley,989.66895,2387.8752,3.5762084,16.001127,87.93184,273.0,44.70000076293945,6.300000190734863,34.400001525878906,50,yield,1.1535714285714285,0.1428627200534068
133,9.06,38.49,ISFM,Cereal,Barley,989.66895,2387.8752,3.5762084,16.001127,87.93184,273.0,44.70000076293945,6.300000190734863,34.400001525878906,50,yield,1.332142857142857,0.2867888164745659
133,9.06,38.49,ISFM,Cereal,Barley,989.66895,2387.8752,3.5762084,16.001127,87.93184,273.0,44.70000076293945,6.300000190734863,34.400001525878906,50,yield,1.5107142857142857,0.4125825758770283
133,9.06,38.49,ISFM,Cereal,Barley,989.66895,2387.8752,3.5762084,16.001127,87.93184,273.0,44.70000076293945,6.300000190734863,34.400001525878906,50,yield,1.2785714285714285,0.2457433832314506
133,9.06,38.49,ISFM,Cereal,Barley,989.66895,2387.8752,3.5762084,16.001127,87.93184,273.0,44.70000076293945,6.300000190734863,34.400001525878906,50,yield,1.5642857142857145,0.4474293072071965
133,9.06,38.49,ISFM,Cereal,Barley,989.66895,2387.8752,3.5762084,16.001127,87.93184,273.0,44.70000076293945,6.300000190734863,34.400001525878906,50,yield,1.7357142857142858,0.5514190207312442
133,9.06,38.49,ISFM,Cereal,Barley,989.66895,2387.8752,3.5762084,16.001127,87.93184,273.0,44.70000076293945,6.300000190734863,34.400001525878906,50,yield,1.3,0.262364264467491
133,9.06,38.49,ISFM,Cereal,Barley,989.66895,2387.8752,3.5762084,16.001127,87.93184,273.0,44.70000076293945,6.300000190734863,34.400001525878906,50,yield,1.4214285714285717,0.3516624021151881
133,9.06,38.49,ISFM,Cereal,Barley,989.66895,2387.8752,3.5762084,16.001127,87.93184,273.0,44.70000076293945,6.300000190734863,34.400001525878906,50,yield,1.5964285714285715,0.4677689914443192
133,9.06,38.49,ISFM,Cereal,Barley,989.66895,2387.8752,3.5762084,16.001127,87.93184,273.0,44.70000076293945,6.300000190734863,34.400001525878906,50,yield,1.3,0.262364264467491
133,9.06,38.49,ISFM,Cereal,Barley,989.66895,2387.8752,3.5762084,16.001127,87.93184,273.0,44.70000076293945,6.300000190734863,34.400001525878906,50,yield,1.3535714285714286,0.3027466019131768
133,9.06,38.49,ISFM,Cereal,Barley,989.66895,2387.8752,3.5762084,16.001127,87.93184,273.0,44.70000076293945,6.300000190734863,34.400001525878906,50,yield,1.7821428571428573,0.5778164925822691
133,9.06,38.49,ISFM,Cereal,Barley,989.66895,2387.8752,3.5762084,16.001127,87.93184,273.0,44.70000076293945,6.300000190734863,34.400001525878906,50,yield,0.8357142857142857,-0.1794684878115481
133,9.06,38.49,ISFM,Cereal,Barley,989.66895,2387.8752,3.5762084,16.001127,87.93184,273.0,44.70000076293945,6.300000190734863,34.400001525878906,50,yield,0.5857142857142857,-0.5349231753450512
133,9.06,38.49,ISFM,Cereal,Barley,989.66895,2387.8752,3.5762084,16.001127,87.93184,273.0,44.70000076293945,6.300000190734863,34.400001525878906,50,yield,0.525,-0.6443570163905132
133,9.06,38.49,ISFM,Oilseed,Rapeseed,989.66895,2387.8752,3.5762084,16.001127,87.93184,273.0,44.70000076293945,6.300000190734863,34.400001525878906,50,biomass yield,1.0,0.0
133,9.06,38.49,ISFM,Oilseed,Rapeseed,989.66895,2387.8752,3.5762084,16.001127,87.93184,273.0,44.70000076293945,6.300000190734863,34.400001525878906,50,biomass yield,3.3846153846153846,1.2192402764567245
133,9.06,38.49,ISFM,Oilseed,Rapeseed,989.66895,2387.8752,3.5762084,16.001127,87.93184,273.0,44.70000076293945,6.300000190734863,34.400001525878906,50,biomass yield,3.923076923076923,1.366876275262789
133,9.06,38.49,ISFM,Oilseed,Rapeseed,989.66895,2387.8752,3.5762084,16.001127,87.93184,273.0,44.70000076293945,6.300000190734863,34.400001525878906,50,biomass yield,4.0,1.3862943611198906
133,9.06,38.49,ISFM,Oilseed,Rapeseed,989.66895,2387.8752,3.5762084,16.001127,87.93184,273.0,44.70000076293945,6.300000190734863,34.400001525878906,50,biomass yield,2.923076923076923,1.072636802264849
133,9.06,38.49,ISFM,Oilseed,Rapeseed,989.66895,2387.8752,3.5762084,16.001127,87.93184,273.0,44.70000076293945,6.300000190734863,34.400001525878906,50,biomass yield,3.0,1.0986122886681098
133,9.06,38.49,ISFM,Oilseed,Rapeseed,989.66895,2387.8752,3.5762084,16.001127,87.93184,273.0,44.70000076293945,6.300000190734863,34.400001525878906,50,biomass yield,4.461538461538462,1.4954936530848826
133,9.06,38.49,ISFM,Oilseed,Rapeseed,989.66895,2387.8752,3.5762084,16.001127,87.93184,273.0,44.70000076293945,6.300000190734863,34.400001525878906,50,biomass yield,2.769230769230769,1.0185695809945732
133,9.06,38.49,ISFM,Oilseed,Rapeseed,989.66895,2387.8752,3.5762084,16.001127,87.93184,273.0,44.70000076293945,6.300000190734863,34.400001525878906,50,biomass yield,3.076923076923077,1.1239300966523995
133,9.06,38.49,ISFM,Oilseed,Rapeseed,989.66895,2387.8752,3.5762084,16.001127,87.93184,273.0,44.70000076293945,6.300000190734863,34.400001525878906,50,biomass yield,4.230769230769231,1.4423838277709342
133,9.06,38.49,ISFM,Oilseed,Rapeseed,989.66895,2387.8752,3.5762084,16.001127,87.93184,273.0,44.70000076293945,6.300000190734863,34.400001525878906,50,biomass yield,3.615384615384616,1.285198244248522
133,9.06,38.49,ISFM,Oilseed,Rapeseed,989.66895,2387.8752,3.5762084,16.001127,87.93184,273.0,44.70000076293945,6.300000190734863,34.400001525878906,50,biomass yield,3.8461538461538463,1.3470736479666094
133,9.06,38.49,ISFM,Oilseed,Rapeseed,989.66895,2387.8752,3.5762084,16.001127,87.93184,273.0,44.70000076293945,6.300000190734863,34.400001525878906,50,biomass yield,3.615384615384616,1.285198244248522
133,9.06,38.49,ISFM,Oilseed,Rapeseed,989.66895,2387.8752,3.5762084,16.001127,87.93184,273.0,44.70000076293945,6.300000190734863,34.400001525878906,50,biomass yield,1.8461538461538465,0.6131044728864089
133,9.06,38.49,ISFM,Oilseed,Rapeseed,989.66895,2387.8752,3.5762084,16.001127,87.93184,273.0,44.70000076293945,6.300000190734863,34.400001525878906,50,biomass yield,2.6153846153846154,0.9614111671546248
133,9.06,38.49,ISFM,Oilseed,Rapeseed,989.66895,2387.8752,3.5762084,16.001127,87.93184,273.0,44.70000076293945,6.300000190734863,34.400001525878906,50,biomass yield,3.4615384615384617,1.241713132308783
133,9.06,38.49,ISFM,Cereal,Barley,989.66895,2387.8752,3.5762084,16.001127,87.93184,273.0,44.70000076293945,6.300000190734863,34.400001525878906,50,biomass yield,1.0,0.0
133,9.06,38.49,ISFM,Cereal,Barley,989.66895,2387.8752,3.5762084,16.001127,87.93184,273.0,44.70000076293945,6.300000190734863,34.400001525878906,50,biomass yield,1.2037037037037035,0.1854032233313627
133,9.06,38.49,ISFM,Cereal,Barley,989.66895,2387.8752,3.5762084,16.001127,87.93184,273.0,44.70000076293945,6.300000190734863,34.400001525878906,50,biomass yield,0.1481481481481481,-1.9095425048844383
133,9.06,38.49,ISFM,Cereal,Barley,989.66895,2387.8752,3.5762084,16.001127,87.93184,273.0,44.70000076293945,6.300000190734863,34.400001525878906,50,biomass yield,1.462962962962963,0.3804638059027471
133,9.06,38.49,ISFM,Cereal,Barley,989.66895,2387.8752,3.5762084,16.001127,87.93184,273.0,44.70000076293945,6.300000190734863,34.400001525878906,50,biomass yield,1.462962962962963,0.3804638059027471
143,9.01,38.81,ISFM,Cereal,Maize,1083.7544,2354.7947,1.6013963,16.539375,90.563805,273.0,41.60000228881836,6.700000286102295,33.5,50,soil loss,0.4375,-0.8266785731844679
143,9.01,38.81,ISFM,Cereal,Maize,1083.7544,2354.7947,1.6013963,16.539375,90.563805,273.0,41.60000228881836,6.700000286102295,33.5,50,runoff,0.7058823529411765,-0.3483066942682157
143,9.01,38.81,ISFM,Pulse,Common bean,1083.7544,2354.7947,1.6013963,16.539375,90.563805,273.0,41.60000228881836,6.700000286102295,33.5,50,yield,4.333333333333333,1.466337068793427
143,9.01,38.81,ISFM,Pulse,Common bean,1083.7544,2354.7947,1.6013963,16.539375,90.563805,273.0,41.60000228881836,6.700000286102295,33.5,50,soil loss,0.2,-1.6094379124341005
143,9.01,38.81,ISFM,Pulse,Common bean,1083.7544,2354.7947,1.6013963,16.539375,90.563805,273.0,41.60000228881836,6.700000286102295,33.5,50,runoff,0.3888888888888889,-0.9444616088408514
143,9.01,38.81,ISFM,Cereal,Sorghum,1083.7544,2354.7947,1.6013963,16.539375,90.563805,273.0,41.60000228881836,6.700000286102295,33.5,50,yield,1.75,0.5596157879354227
144,9.06,38.49,ISFM,Cereal,Wheat,989.66895,2387.8752,3.5762084,16.001127,87.93184,273.0,44.70000076293945,6.300000190734863,34.400001525878906,50,yield,1.0,0.0
144,9.06,38.49,ISFM,Cereal,Wheat,989.66895,2387.8752,3.5762084,16.001127,87.93184,273.0,44.70000076293945,6.300000190734863,34.400001525878906,50,yield,0.9941520467836256,-0.0058651194523981
144,9.06,38.49,ISFM,Cereal,Wheat,989.66895,2387.8752,3.5762084,16.001127,87.93184,273.0,44.70000076293945,6.300000190734863,34.400001525878906,50,yield,1.1637426900584795,0.1516412682218325
144,9.06,38.49,ISFM,Cereal,Wheat,989.66895,2387.8752,3.5762084,16.001127,87.93184,273.0,44.70000076293945,6.300000190734863,34.400001525878906,50,yield,0.6900584795321637,-0.3709789320369951
144,9.06,38.49,ISFM,Cereal,Wheat,989.66895,2387.8752,3.5762084,16.001127,87.93184,273.0,44.70000076293945,6.300000190734863,34.400001525878906,50,yield,0.8830409356725146,-0.1243837196877355
144,9.06,38.49,ISFM,Cereal,Wheat,989.66895,2387.8752,3.5762084,16.001127,87.93184,273.0,44.70000076293945,6.300000190734863,34.400001525878906,50,yield,0.9824561403508772,-0.0176995770994009
153,8.05,39.29,ISFM,Cereal,Barley,1052.9546,2403.489,7.925066,15.615692,64.298965,273.0,39.5,6.700000286102295,37.10000228881836,40,water use efficiency,1.0,0.0
153,8.05,39.29,ISFM,Cereal,Barley,1052.9546,2403.489,7.925066,15.615692,64.298965,273.0,39.5,6.700000286102295,37.10000228881836,40,yield,1.799475753604194,0.587495374483514
153,8.05,39.29,ISFM,Cereal,Barley,1052.9546,2403.489,7.925066,15.615692,64.298965,273.0,39.5,6.700000286102295,37.10000228881836,40,runoff,0.3191489361702128,-1.1420974006078484
153,8.05,39.29,ISFM,Cereal,Barley,1052.9546,2403.489,7.925066,15.615692,64.298965,273.0,39.5,6.700000286102295,37.10000228881836,40,water use efficiency,1.6666666666666667,0.5108256237659907
153,8.05,39.29,ISFM,Cereal,Barley,1052.9546,2403.489,7.925066,15.615692,64.298965,273.0,39.5,6.700000286102295,37.10000228881836,40,yield,1.3931847968545217,0.3315923470574909
153,8.05,39.29,ISFM,Cereal,Barley,1052.9546,2403.489,7.925066,15.615692,64.298965,273.0,39.5,6.700000286102295,37.10000228881836,40,runoff,0.3191489361702128,-1.1420974006078484
153,8.05,39.29,ISFM,Cereal,Barley,1052.9546,2403.489,7.925066,15.615692,64.298965,273.0,39.5,6.700000286102295,37.10000228881836,40,water use efficiency,1.3333333333333333,0.2876820724517808
153,8.05,39.29,ISFM,Cereal,Wheat,1052.9546,2403.489,7.925066,15.615692,64.298965,273.0,39.5,6.700000286102295,37.10000228881836,40,yield,0.6628175519630485,-0.4112555122428687
153,8.05,39.29,ISFM,Cereal,Wheat,1052.9546,2403.489,7.925066,15.615692,64.298965,273.0,39.5,6.700000286102295,37.10000228881836,40,yield,1.3730255164034022,0.3170167110293164
37,7.11,40.16,organic amedements,Cereal,Wheat,1133.2472,2403.2864,0.30615523,14.102433,62.84342,303.0,46.10000228881836,6.800000190734863,37.400001525878906,40,yield,1.0148679825685722,0.0147585375994741
37,7.11,40.16,organic amedements,Cereal,Wheat,1133.2472,2403.2864,0.30615523,14.102433,62.84342,303.0,46.10000228881836,6.800000190734863,37.400001525878906,40,soil loss,0.7,-0.3566749439387324
37,7.11,40.16,organic amedements,Cereal,Wheat,1133.2472,2403.2864,0.30615523,14.102433,62.84342,303.0,46.10000228881836,6.800000190734863,37.400001525878906,40,runoff,0.875,-0.1335313926245226
37,7.11,40.16,organic amedements,Cereal,Wheat,1133.2472,2403.2864,0.30615523,14.102433,62.84342,303.0,46.10000228881836,6.800000190734863,37.400001525878906,40,yield,1.0592155857472445,0.0575286207328726
37,7.11,40.16,organic amedements,Cereal,Wheat,1133.2472,2403.2864,0.30615523,14.102433,62.84342,303.0,46.10000228881836,6.800000190734863,37.400001525878906,40,soil loss,1.0,0.0
37,7.11,40.16,organic amedements,Cereal,Wheat,1133.2472,2403.2864,0.30615523,14.102433,62.84342,303.0,46.10000228881836,6.800000190734863,37.400001525878906,40,runoff,0.95,-0.0512932943875505
37,7.11,40.16,organic amedements,Cereal,Wheat,1133.2472,2403.2864,0.30615523,14.102433,62.84342,303.0,46.10000228881836,6.800000190734863,37.400001525878906,40,yield,1.0753652909510385,0.0726604093946501
37,7.11,40.16,organic amedements,Cereal,Wheat,1133.2472,2403.2864,0.30615523,14.102433,62.84342,303.0,46.10000228881836,6.800000190734863,37.400001525878906,40,soil loss,1.0,0.0
37,7.11,40.16,organic amedements,Cereal,Wheat,1133.2472,2403.2864,0.30615523,14.102433,62.84342,303.0,46.10000228881836,6.800000190734863,37.400001525878906,40,runoff,0.875,-0.1335313926245226
37,7.11,40.16,organic amedements,Cereal,Wheat,1133.2472,2403.2864,0.30615523,14.102433,62.84342,303.0,46.10000228881836,6.800000190734863,37.400001525878906,40,yield,0.8649064342476288,-0.1451339464007429
37,7.11,40.16,organic amedements,Cereal,Wheat,1133.2472,2403.2864,0.30615523,14.102433,62.84342,303.0,46.10000228881836,6.800000190734863,37.400001525878906,40,runoff,0.15,-1.8971199848858813
37,7.11,40.16,organic amedements,Cereal,Wheat,1133.2472,2403.2864,0.30615523,14.102433,62.84342,303.0,46.10000228881836,6.800000190734863,37.400001525878906,40,yield,1.0481927710843373,0.0470675108579857
37,7.11,40.16,organic amedements,Cereal,Wheat,1133.2472,2403.2864,0.30615523,14.102433,62.84342,303.0,46.10000228881836,6.800000190734863,37.400001525878906,40,runoff,0.025,-3.688879454113936
37,7.11,40.16,organic amedements,Cereal,Wheat,1133.2472,2403.2864,0.30615523,14.102433,62.84342,303.0,46.10000228881836,6.800000190734863,37.400001525878906,40,yield,0.7541655985644706,-0.2821433083452737
37,7.11,40.16,organic amedements,Cereal,Wheat,1133.2472,2403.2864,0.30615523,14.102433,62.84342,303.0,46.10000228881836,6.800000190734863,37.400001525878906,40,runoff,0.025,-3.688879454113936
1,9.54,38.3,Physical SWC measures,Cereal,Sorghum,1062.0215,2539.984,2.8539543,15.580222,97.58183,273.0,42.79999923706055,6.400000095367432,43.60000228881836,40,yield,1.608108108108108,0.4750583999073596
1,9.54,38.3,Physical SWC measures,Cereal,Sorghum,1062.0215,2539.984,2.8539543,15.580222,97.58183,273.0,42.79999923706055,6.400000095367432,43.60000228881836,40,yield,1.7027027027027026,0.5322168137473082
1,9.54,38.3,Physical SWC measures,Cereal,Sorghum,1062.0215,2539.984,2.8539543,15.580222,97.58183,273.0,42.79999923706055,6.400000095367432,43.60000228881836,40,yield,1.4594594594594594,0.3780661339200499
1,9.54,38.3,Physical SWC measures,Cereal,Sorghum,1062.0215,2539.984,2.8539543,15.580222,97.58183,273.0,42.79999923706055,6.400000095367432,43.60000228881836,40,yield,1.2027027027027026,0.18457127652797
1,9.54,38.3,Physical SWC measures,Cereal,Sorghum,1062.0215,2539.984,2.8539543,15.580222,97.58183,273.0,42.79999923706055,6.400000095367432,43.60000228881836,40,yield,2.5316455696202533,0.9288695140810151
1,9.54,38.3,Physical SWC measures,Cereal,Sorghum,1062.0215,2539.984,2.8539543,15.580222,97.58183,273.0,42.79999923706055,6.400000095367432,43.60000228881836,40,yield,2.7341772151898733,1.0058305552171434
1,9.54,38.3,Physical SWC measures,Cereal,Sorghum,1062.0215,2539.984,2.8539543,15.580222,97.58183,273.0,42.79999923706055,6.400000095367432,43.60000228881836,40,yield,2.151898734177215,0.7663505845832402
1,9.54,38.3,Physical SWC measures,Cereal,Sorghum,1062.0215,2539.984,2.8539543,15.580222,97.58183,273.0,42.79999923706055,6.400000095367432,43.60000228881836,40,yield,1.6455696202531649,0.498086597988561
1,9.54,38.3,Physical SWC measures,Cereal,Sorghum,1062.0215,2539.984,2.8539543,15.580222,97.58183,273.0,42.79999923706055,6.400000095367432,43.60000228881836,40,yield,2.151898734177215,0.7663505845832402
1,9.54,38.3,Physical SWC measures,Cereal,Sorghum,1062.0215,2539.984,2.8539543,15.580222,97.58183,273.0,42.79999923706055,6.400000095367432,43.60000228881836,40,yield,1.251700680272109,0.2245031708302493
1,9.54,38.3,Physical SWC measures,Cereal,Sorghum,1062.0215,2539.984,2.8539543,15.580222,97.58183,273.0,42.79999923706055,6.400000095367432,43.60000228881836,40,yield,1.2925170068027212,0.2565914853817499
15,12.33,37.67,Physical SWC measures,Cropland,Cropland,1174.0387,2450.1997,16.84498,15.391487,112.7534,214.0,38.0,6.099999904632568,51.20000076293945,10,SOM content,1.0,0.0
15,12.33,37.67,Physical SWC measures,Forest-Woody,Forest,1174.0387,2450.1997,16.84498,15.391487,112.7534,214.0,38.0,6.099999904632568,51.20000076293945,10,SOM content,3.0,1.0986122886681098
15,12.33,37.67,Physical SWC measures,Forest-Woody,Plantation forest,1174.0387,2450.1997,16.84498,15.391487,112.7534,214.0,38.0,6.099999904632568,51.20000076293945,10,SOM content,3.0,1.0986122886681098
15,12.33,37.67,Physical SWC measures,Cropland,Cropland,1174.0387,2450.1997,16.84498,15.391487,112.7534,214.0,38.0,6.099999904632568,51.20000076293945,10,soil loss,0.1932773109243697,-1.6436292771823795
15,12.33,37.67,Physical SWC measures,Forest-Woody,Forest,1174.0387,2450.1997,16.84498,15.391487,112.7534,214.0,38.0,6.099999904632568,51.20000076293945,10,soil loss,0.1932773109243697,-1.6436292771823795
15,12.33,37.67,Physical SWC measures,Forest-Woody,Plantation forest,1174.0387,2450.1997,16.84498,15.391487,112.7534,214.0,38.0,6.099999904632568,51.20000076293945,10,soil loss,0.0504201680672268,-2.987364023883474
28,11.0,39.66,Physical SWC measures,Pulse,Common bean,1005.18774,2655.4287,31.705753,14.8304405,107.18246,273.0,28.700000762939453,6.5,52.400001525878906,20,yield,0.875,-0.1335313926245226
28,11.0,39.66,Physical SWC measures,Pulse,Common bean,1005.18774,2655.4287,31.705753,14.8304405,107.18246,273.0,28.700000762939453,6.5,52.400001525878906,20,soil loss,1.0,0.0
28,11.0,39.66,Physical SWC measures,Pulse,Common bean,1005.18774,2655.4287,31.705753,14.8304405,107.18246,273.0,28.700000762939453,6.5,52.400001525878906,20,runoff,0.7666666666666667,-0.2657031657330056
28,11.0,39.66,Physical SWC measures,Cereal,Wheat,1005.18774,2655.4287,31.705753,14.8304405,107.18246,273.0,28.700000762939453,6.5,52.400001525878906,20,yield,0.7333333333333333,-0.3101549283038396
28,11.0,39.66,Physical SWC measures,Cereal,Wheat,1005.18774,2655.4287,31.705753,14.8304405,107.18246,273.0,28.700000762939453,6.5,52.400001525878906,20,soil loss,1.0,0.0
28,11.0,39.66,Physical SWC measures,Cereal,Wheat,1005.18774,2655.4287,31.705753,14.8304405,107.18246,273.0,28.700000762939453,6.5,52.400001525878906,20,runoff,0.6470588235294118,-0.4353180712578455
28,11.0,39.66,Physical SWC measures,Cereal,Maize,1005.18774,2655.4287,31.705753,14.8304405,107.18246,273.0,28.700000762939453,6.5,52.400001525878906,20,yield,0.7368421052631579,-0.3053816495511819
28,11.0,39.66,Physical SWC measures,Cereal,Maize,1005.18774,2655.4287,31.705753,14.8304405,107.18246,273.0,28.700000762939453,6.5,52.400001525878906,20,runoff,0.7272727272727273,-0.3184537311185346
28,11.0,39.66,Physical SWC measures,Cereal,Barley,1005.18774,2655.4287,31.705753,14.8304405,107.18246,273.0,28.700000762939453,6.5,52.400001525878906,20,yield,0.6486486486486487,-0.4328640822962787
28,11.0,39.66,Physical SWC measures,Cereal,Barley,1005.18774,2655.4287,31.705753,14.8304405,107.18246,273.0,28.700000762939453,6.5,52.400001525878906,20,soil loss,1.0,0.0
28,11.0,39.66,Physical SWC measures,Cereal,Barley,1005.18774,2655.4287,31.705753,14.8304405,107.18246,273.0,28.700000762939453,6.5,52.400001525878906,20,runoff,1.8666666666666667,0.6241543090729939
28,11.0,39.66,Physical SWC measures,Pulse,Common bean,1005.18774,2655.4287,31.705753,14.8304405,107.18246,273.0,28.700000762939453,6.5,52.400001525878906,20,yield,0.9166666666666666,-0.0870113769896298
28,11.0,39.66,Physical SWC measures,Pulse,Common bean,1005.18774,2655.4287,31.705753,14.8304405,107.18246,273.0,28.700000762939453,6.5,52.400001525878906,20,soil loss,2.0,0.6931471805599453
28,11.0,39.66,Physical SWC measures,Pulse,Common bean,1005.18774,2655.4287,31.705753,14.8304405,107.18246,273.0,28.700000762939453,6.5,52.400001525878906,20,runoff,1.4333333333333331,0.360002734031407
28,11.0,39.66,Physical SWC measures,Cereal,Wheat,1005.18774,2655.4287,31.705753,14.8304405,107.18246,273.0,28.700000762939453,6.5,52.400001525878906,20,yield,0.6666666666666666,-0.4054651081081644
28,11.0,39.66,Physical SWC measures,Cereal,Wheat,1005.18774,2655.4287,31.705753,14.8304405,107.18246,273.0,28.700000762939453,6.5,52.400001525878906,20,soil loss,2.0,0.6931471805599453
28,11.0,39.66,Physical SWC measures,Cereal,Wheat,1005.18774,2655.4287,31.705753,14.8304405,107.18246,273.0,28.700000762939453,6.5,52.400001525878906,20,runoff,0.7058823529411765,-0.3483066942682157
28,11.0,39.66,Physical SWC measures,Cereal,Maize,1005.18774,2655.4287,31.705753,14.8304405,107.18246,273.0,28.700000762939453,6.5,52.400001525878906,20,yield,0.4736842105263157,-0.7472144018302211
28,11.0,39.66,Physical SWC measures,Cereal,Maize,1005.18774,2655.4287,31.705753,14.8304405,107.18246,273.0,28.700000762939453,6.5,52.400001525878906,20,runoff,0.7272727272727273,-0.3184537311185346
28,11.0,39.66,Physical SWC measures,Cereal,Barley,1005.18774,2655.4287,31.705753,14.8304405,107.18246,273.0,28.700000762939453,6.5,52.400001525878906,20,yield,0.6216216216216216,-0.4754236967150748
28,11.0,39.66,Physical SWC measures,Cereal,Barley,1005.18774,2655.4287,31.705753,14.8304405,107.18246,273.0,28.700000762939453,6.5,52.400001525878906,20,soil loss,1.5,0.4054651081081644
28,11.0,39.66,Physical SWC measures,Cereal,Barley,1005.18774,2655.4287,31.705753,14.8304405,107.18246,273.0,28.700000762939453,6.5,52.400001525878906,20,runoff,2.433333333333333,0.8892620594862357
28,11.0,39.66,Physical SWC measures,Pulse,Common bean,1005.18774,2655.4287,31.705753,14.8304405,107.18246,273.0,28.700000762939453,6.5,52.400001525878906,20,yield,0.625,-0.4700036292457356
28,11.0,39.66,Physical SWC measures,Pulse,Common bean,1005.18774,2655.4287,31.705753,14.8304405,107.18246,273.0,28.700000762939453,6.5,52.400001525878906,20,runoff,0.4,-0.916290731874155
28,11.0,39.66,Physical SWC measures,Cereal,Wheat,1005.18774,2655.4287,31.705753,14.8304405,107.18246,273.0,28.700000762939453,6.5,52.400001525878906,20,yield,0.8666666666666667,-0.1431008436406733
28,11.0,39.66,Physical SWC measures,Cereal,Wheat,1005.18774,2655.4287,31.705753,14.8304405,107.18246,273.0,28.700000762939453,6.5,52.400001525878906,20,runoff,0.4117647058823529,-0.8873031950009028
28,11.0,39.66,Physical SWC measures,Cereal,Maize,1005.18774,2655.4287,31.705753,14.8304405,107.18246,273.0,28.700000762939453,6.5,52.400001525878906,20,yield,0.2631578947368421,-1.3350010667323402
28,11.0,39.66,Physical SWC measures,Cereal,Maize,1005.18774,2655.4287,31.705753,14.8304405,107.18246,273.0,28.700000762939453,6.5,52.400001525878906,20,runoff,0.5454545454545454,-0.6061358035703156
28,11.0,39.66,Physical SWC measures,Cereal,Barley,1005.18774,2655.4287,31.705753,14.8304405,107.18246,273.0,28.700000762939453,6.5,52.400001525878906,20,yield,0.6756756756756757,-0.3920420877760237
28,11.0,39.66,Physical SWC measures,Cereal,Barley,1005.18774,2655.4287,31.705753,14.8304405,107.18246,273.0,28.700000762939453,6.5,52.400001525878906,20,soil loss,0.5,-0.6931471805599453
28,11.0,39.66,Physical SWC measures,Cereal,Barley,1005.18774,2655.4287,31.705753,14.8304405,107.18246,273.0,28.700000762939453,6.5,52.400001525878906,20,runoff,0.6666666666666666,-0.4054651081081644
28,11.0,39.66,Physical SWC measures,Pulse,Common bean,1005.18774,2655.4287,31.705753,14.8304405,107.18246,273.0,28.700000762939453,6.5,52.400001525878906,20,yield,0.7083333333333334,-0.3448404862917295
28,11.0,39.66,Physical SWC measures,Pulse,Common bean,1005.18774,2655.4287,31.705753,14.8304405,107.18246,273.0,28.700000762939453,6.5,52.400001525878906,20,soil loss,0.5,-0.6931471805599453
28,11.0,39.66,Physical SWC measures,Pulse,Common bean,1005.18774,2655.4287,31.705753,14.8304405,107.18246,273.0,28.700000762939453,6.5,52.400001525878906,20,runoff,0.6,-0.5108256237659907
28,11.0,39.66,Physical SWC measures,Cereal,Wheat,1005.18774,2655.4287,31.705753,14.8304405,107.18246,273.0,28.700000762939453,6.5,52.400001525878906,20,yield,0.6666666666666666,-0.4054651081081644
28,11.0,39.66,Physical SWC measures,Cereal,Wheat,1005.18774,2655.4287,31.705753,14.8304405,107.18246,273.0,28.700000762939453,6.5,52.400001525878906,20,runoff,0.7058823529411765,-0.3483066942682157
28,11.0,39.66,Physical SWC measures,Cereal,Maize,1005.18774,2655.4287,31.705753,14.8304405,107.18246,273.0,28.700000762939453,6.5,52.400001525878906,20,yield,0.8947368421052632,-0.1112256351102243
28,11.0,39.66,Physical SWC measures,Cereal,Maize,1005.18774,2655.4287,31.705753,14.8304405,107.18246,273.0,28.700000762939453,6.5,52.400001525878906,20,runoff,0.6363636363636364,-0.4519851237430572
28,11.0,39.66,Physical SWC measures,Cereal,Barley,1005.18774,2655.4287,31.705753,14.8304405,107.18246,273.0,28.700000762939453,6.5,52.400001525878906,20,yield,0.4864864864864865,-0.7205461547480597
28,11.0,39.66,Physical SWC measures,Cereal,Barley,1005.18774,2655.4287,31.705753,14.8304405,107.18246,273.0,28.700000762939453,6.5,52.400001525878906,20,soil loss,0.75,-0.2876820724517809
28,11.0,39.66,Physical SWC measures,Cereal,Barley,1005.18774,2655.4287,31.705753,14.8304405,107.18246,273.0,28.700000762939453,6.5,52.400001525878906,20,runoff,1.0333333333333334,0.0327898228229909
91,11.0,39.66,Physical SWC measures,Cropland,Cropland,1005.18774,2655.4287,31.705753,14.8304405,107.18246,273.0,28.700000762939453,6.5,52.400001525878906,20,soil loss,1.0,0.0
91,11.0,39.66,Physical SWC measures,Cropland,Cropland,1005.18774,2655.4287,31.705753,14.8304405,107.18246,273.0,28.700000762939453,6.5,52.400001525878906,20,soil loss,1.5,0.4054651081081644
91,11.0,39.66,Physical SWC measures,Cropland,Cropland,1005.18774,2655.4287,31.705753,14.8304405,107.18246,273.0,28.700000762939453,6.5,52.400001525878906,20,soil loss,0.5,-0.6931471805599453
91,11.0,39.66,Physical SWC measures,Cropland,Cropland,1005.18774,2655.4287,31.705753,14.8304405,107.18246,273.0,28.700000762939453,6.5,52.400001525878906,20,runoff,0.925925925925926,-0.0769610411361283
91,11.0,39.66,Physical SWC measures,Cropland,Cropland,1005.18774,2655.4287,31.705753,14.8304405,107.18246,273.0,28.700000762939453,6.5,52.400001525878906,20,runoff,0.6944444444444444,-0.3646431135879093
91,11.0,39.66,Physical SWC measures,Cropland,Cropland,1005.18774,2655.4287,31.705753,14.8304405,107.18246,273.0,28.700000762939453,6.5,52.400001525878906,20,runoff,0.52,-0.6539264674066639
91,11.0,39.66,Physical SWC measures,Cropland,Cropland,1005.18774,2655.4287,31.705753,14.8304405,107.18246,273.0,28.700000762939453,6.5,52.400001525878906,20,runoff,0.72,-0.3285040669720361
10,10.68,37.53,agronomic/biological SWCP,Cereal,Barley,1493.6942,2426.4692,7.467733,16.796667,92.75727,275.0,43.10000228881836,5.800000190734863,55.900001525878906,40,yield,0.6122448979591837,-0.4906229164484712
10,10.68,37.53,agronomic/biological SWCP,Cereal,Barley,1493.6942,2426.4692,7.467733,16.796667,92.75727,275.0,43.10000228881836,5.800000190734863,55.900001525878906,40,soil loss,0.2805755395683453,-1.2709122870010454
10,10.68,37.53,agronomic/biological SWCP,Cereal,Wheat,1493.6942,2426.4692,7.467733,16.796667,92.75727,275.0,43.10000228881836,5.800000190734863,55.900001525878906,40,yield,1.1538461538461535,0.1431008436406732
10,10.68,37.53,agronomic/biological SWCP,Cereal,Wheat,1493.6942,2426.4692,7.467733,16.796667,92.75727,275.0,43.10000228881836,5.800000190734863,55.900001525878906,40,soil loss,0.3243243243243243,-1.126011262856224
10,10.68,37.53,agronomic/biological SWCP,Oilseed,Niger seed,1493.6942,2426.4692,7.467733,16.796667,92.75727,275.0,43.10000228881836,5.800000190734863,55.900001525878906,40,yield,1.2195121951219512,0.1984509387238382
10,10.68,37.53,agronomic/biological SWCP,Oilseed,Niger seed,1493.6942,2426.4692,7.467733,16.796667,92.75727,275.0,43.10000228881836,5.800000190734863,55.900001525878906,40,soil loss,0.423728813559322,-0.8586616190375187
10,10.68,37.53,agronomic/biological SWCP,Pulse,Field pea,1493.6942,2426.4692,7.467733,16.796667,92.75727,275.0,43.10000228881836,5.800000190734863,55.900001525878906,40,yield,1.4285714285714286,0.3566749439387324
10,10.68,37.53,agronomic/biological SWCP,Pulse,Field pea,1493.6942,2426.4692,7.467733,16.796667,92.75727,275.0,43.10000228881836,5.800000190734863,55.900001525878906,40,soil loss,0.2211538461538461,-1.508896683212223
10,10.68,37.53,agronomic/biological SWCP,Pulse,Field pea,1493.6942,2426.4692,7.467733,16.796667,92.75727,275.0,43.10000228881836,5.800000190734863,55.900001525878906,40,runoff,0.5816733067729084,-0.5418463174234474
10,10.68,37.53,agronomic/biological SWCP,Cereal,Wheat,1493.6942,2426.4692,7.467733,16.796667,92.75727,275.0,43.10000228881836,5.800000190734863,55.900001525878906,40,yield,0.9090909090909092,-0.0953101798043249
10,10.68,37.53,agronomic/biological SWCP,Cereal,Wheat,1493.6942,2426.4692,7.467733,16.796667,92.75727,275.0,43.10000228881836,5.800000190734863,55.900001525878906,40,soil loss,0.4927536231884058,-0.7077459799810979
10,10.68,37.53,agronomic/biological SWCP,Cereal,Wheat,1493.6942,2426.4692,7.467733,16.796667,92.75727,275.0,43.10000228881836,5.800000190734863,55.900001525878906,40,runoff,0.7197452229299363,-0.3288579866359675
49,9.67,38.67,agronomic/biological SWCP,Cropland,Cropland,1098.8862,2659.8672,8.063447,13.79026,104.385445,273.0,48.10000228881836,6.200000286102295,38.20000076293945,40,SOM content,1.0,0.0
49,9.67,38.67,agronomic/biological SWCP,Cropland,Cropland,1098.8862,2659.8672,8.063447,13.79026,104.385445,273.0,48.10000228881836,6.200000286102295,38.20000076293945,40,SOM content,1.0,0.0
49,9.67,38.67,agronomic/biological SWCP,Cropland,Cropland,1098.8862,2659.8672,8.063447,13.79026,104.385445,273.0,48.10000228881836,6.200000286102295,38.20000076293945,40,SOM content,1.5,0.4054651081081644
88,10.68,37.53,IWM,Cereal,Wheat,1493.6942,2426.4692,7.467733,16.796667,92.75727,275.0,43.10000228881836,5.800000190734863,55.900001525878906,40,yield,0.7692307692307693,-0.262364264467491
49,9.67,38.67,organic amedements,Cropland,Cropland,1098.8862,2659.8672,8.063447,13.79026,104.385445,273.0,48.10000228881836,6.200000286102295,38.20000076293945,40,yield,1.474541751527495,0.3883472645911958
51,6.25,37.57,organic amedements,Cereal,Wheat,1468.5629,2723.4346,9.122751,14.053326,48.32648,334.0,30.700000762939453,5.700000286102295,60.400001525878906,10,yield,1.5045492142266337,0.4084933279033296
51,6.25,37.57,organic amedements,Cereal,Wheat,1468.5629,2723.4346,9.122751,14.053326,48.32648,334.0,30.700000762939453,5.700000286102295,60.400001525878906,10,soil loss,2.0,0.6931471805599453
51,6.25,37.57,organic amedements,Cereal,Wheat,1468.5629,2723.4346,9.122751,14.053326,48.32648,334.0,30.700000762939453,5.700000286102295,60.400001525878906,10,runoff,1.1830985915492958,0.1681369218019981
51,6.25,37.57,organic amedements,Cereal,Wheat,1468.5629,2723.4346,9.122751,14.053326,48.32648,334.0,30.700000762939453,5.700000286102295,60.400001525878906,10,SOM content,1.7333333333333334,0.550046336919272
51,6.25,37.57,organic amedements,Cereal,Wheat,1468.5629,2723.4346,9.122751,14.053326,48.32648,334.0,30.700000762939453,5.700000286102295,60.400001525878906,10,yield,0.6419753086419753,-0.4432054360910115
103,7.28,37.76,Physical + biological SWC practices,Cereal,Wheat,1255.015,2415.1304,8.031545,16.06228,55.089104,334.0,32.29999923706055,5.900000095367432,57.400001525878906,10,yield,1.4545454545454546,0.3746934494414107
103,7.28,37.76,Physical + biological SWC practices,Cereal,Wheat,1255.015,2415.1304,8.031545,16.06228,55.089104,334.0,32.29999923706055,5.900000095367432,57.400001525878906,10,yield,1.3636363636363635,0.3101549283038394
2,10.68,37.53,Physical SWC measures,Cropland,Cropland,1493.6942,2426.4692,7.467733,16.796667,92.75727,275.0,43.10000228881836,5.800000190734863,55.900001525878906,40,soil loss,0.375,-0.9808292530117262
20,10.68,37.53,Physical SWC measures,Cropland,Cropland,1493.6942,2426.4692,7.467733,16.796667,92.75727,275.0,43.10000228881836,5.800000190734863,55.900001525878906,40,soil loss,0.6041666666666666,-0.503905180921417
20,10.68,37.53,Physical SWC measures,Cropland,Cropland,1493.6942,2426.4692,7.467733,16.796667,92.75727,275.0,43.10000228881836,5.800000190734863,55.900001525878906,40,soil loss,0.2708333333333333,-1.3062516534463542
20,10.68,37.53,Physical SWC measures,Cropland,Cropland,1493.6942,2426.4692,7.467733,16.796667,92.75727,275.0,43.10000228881836,5.800000190734863,55.900001525878906,40,soil loss,0.125,-2.079441541679836
20,10.68,37.53,Physical SWC measures,Cropland,Cropland,1493.6942,2426.4692,7.467733,16.796667,92.75727,275.0,43.10000228881836,5.800000190734863,55.900001525878906,40,soil loss,0.1458333333333333,-1.9252908618525773
20,10.68,37.53,Physical SWC measures,Cropland,Cropland,1493.6942,2426.4692,7.467733,16.796667,92.75727,275.0,43.10000228881836,5.800000190734863,55.900001525878906,40,runoff,0.9830508474576272,-0.0170944333593
20,10.68,37.53,Physical SWC measures,Cropland,Cropland,1493.6942,2426.4692,7.467733,16.796667,92.75727,275.0,43.10000228881836,5.800000190734863,55.900001525878906,40,runoff,0.9463276836158192,-0.055166381308708
20,10.68,37.53,Physical SWC measures,Cropland,Cropland,1493.6942,2426.4692,7.467733,16.796667,92.75727,275.0,43.10000228881836,5.800000190734863,55.900001525878906,40,runoff,0.6666666666666666,-0.4054651081081644
20,10.68,37.53,Physical SWC measures,Cropland,Cropland,1493.6942,2426.4692,7.467733,16.796667,92.75727,275.0,43.10000228881836,5.800000190734863,55.900001525878906,40,runoff,0.5480225988700564,-0.6014387540704464
20,10.68,37.53,Physical SWC measures,Cropland,Cropland,1493.6942,2426.4692,7.467733,16.796667,92.75727,275.0,43.10000228881836,5.800000190734863,55.900001525878906,40,runoff,0.3757062146892655,-0.9789477849120208
20,10.68,37.53,Physical SWC measures,Root & tuber,Potato,1493.6942,2426.4692,7.467733,16.796667,92.75727,275.0,43.10000228881836,5.800000190734863,55.900001525878906,40,yield,0.9549041713641488,-0.046144287657525
20,10.68,37.53,Physical SWC measures,Root & tuber,Potato,1493.6942,2426.4692,7.467733,16.796667,92.75727,275.0,43.10000228881836,5.800000190734863,55.900001525878906,40,yield,1.0067643742953776,0.0067415985669194
20,10.68,37.53,Physical SWC measures,Root & tuber,Potato,1493.6942,2426.4692,7.467733,16.796667,92.75727,275.0,43.10000228881836,5.800000190734863,55.900001525878906,40,yield,1.081924088688463,0.0787410196344866
20,10.68,37.53,Physical SWC measures,Root & tuber,Potato,1493.6942,2426.4692,7.467733,16.796667,92.75727,275.0,43.10000228881836,5.800000190734863,55.900001525878906,40,yield,0.9286474973375932,-0.0740260552992832
20,10.68,37.53,Physical SWC measures,Root & tuber,Potato,1493.6942,2426.4692,7.467733,16.796667,92.75727,275.0,43.10000228881836,5.800000190734863,55.900001525878906,40,yield,1.0070997515086972,0.0070746669324787
20,10.68,37.53,Physical SWC measures,Root & tuber,Potato,1493.6942,2426.4692,7.467733,16.796667,92.75727,275.0,43.10000228881836,5.800000190734863,55.900001525878906,40,yield,1.0763223287184949,0.0735499788858897
20,10.68,37.53,Physical SWC measures,Cereal,Teff,1493.6942,2426.4692,7.467733,16.796667,92.75727,275.0,43.10000228881836,5.800000190734863,55.900001525878906,40,yield,1.1893203883495145,0.1733820417551458
20,10.68,37.53,Physical SWC measures,Cereal,Wheat,1493.6942,2426.4692,7.467733,16.796667,92.75727,275.0,43.10000228881836,5.800000190734863,55.900001525878906,40,yield,1.1504,0.1401097079846452
20,10.68,37.53,Physical SWC measures,Cereal,Barley,1493.6942,2426.4692,7.467733,16.796667,92.75727,275.0,43.10000228881836,5.800000190734863,55.900001525878906,40,yield,1.0414452709883104,0.040609432079238
20,10.68,37.53,Physical SWC measures,Cereal,Maize,1493.6942,2426.4692,7.467733,16.796667,92.75727,275.0,43.10000228881836,5.800000190734863,55.900001525878906,40,yield,0.6398258977149075,-0.4465591744570601
20,10.68,37.53,Physical SWC measures,Cereal,Teff,1493.6942,2426.4692,7.467733,16.796667,92.75727,275.0,43.10000228881836,5.800000190734863,55.900001525878906,40,yield,1.0307443365695792,0.0302811981144724
20,10.68,37.53,Physical SWC measures,Cereal,Wheat,1493.6942,2426.4692,7.467733,16.796667,92.75727,275.0,43.10000228881836,5.800000190734863,55.900001525878906,40,yield,1.0192,0.0190180058357619
20,10.68,37.53,Physical SWC measures,Cereal,Barley,1493.6942,2426.4692,7.467733,16.796667,92.75727,275.0,43.10000228881836,5.800000190734863,55.900001525878906,40,yield,1.875664187035069,0.6289628297820175
20,10.68,37.53,Physical SWC measures,Cereal,Maize,1493.6942,2426.4692,7.467733,16.796667,92.75727,275.0,43.10000228881836,5.800000190734863,55.900001525878906,40,yield,0.9967355821545156,-0.0032697576815568
20,10.68,37.53,Physical SWC measures,Cereal,Teff,1493.6942,2426.4692,7.467733,16.796667,92.75727,275.0,43.10000228881836,5.800000190734863,55.900001525878906,40,yield,1.2233009708737863,0.2015529187218421
20,10.68,37.53,Physical SWC measures,Cereal,Wheat,1493.6942,2426.4692,7.467733,16.796667,92.75727,275.0,43.10000228881836,5.800000190734863,55.900001525878906,40,yield,1.3808,0.3226630413470264
20,10.68,37.53,Physical SWC measures,Cereal,Barley,1493.6942,2426.4692,7.467733,16.796667,92.75727,275.0,43.10000228881836,5.800000190734863,55.900001525878906,40,yield,0.9819341126461212,-0.0182310679436954
20,10.68,37.53,Physical SWC measures,Cereal,Maize,1493.6942,2426.4692,7.467733,16.796667,92.75727,275.0,43.10000228881836,5.800000190734863,55.900001525878906,40,yield,1.3590859630032643,0.3068123877698905
20,10.68,37.53,Physical SWC measures,Cereal,Wheat,1493.6942,2426.4692,7.467733,16.796667,92.75727,275.0,43.10000228881836,5.800000190734863,55.900001525878906,40,yield,0.9090909090909092,-0.0953101798043249
20,10.68,37.53,Physical SWC measures,Cereal,Wheat,1493.6942,2426.4692,7.467733,16.796667,92.75727,275.0,43.10000228881836,5.800000190734863,55.900001525878906,40,soil loss,0.3985507246376811,-0.9199204999247338
20,10.68,37.53,Physical SWC measures,Cereal,Wheat,1493.6942,2426.4692,7.467733,16.796667,92.75727,275.0,43.10000228881836,5.800000190734863,55.900001525878906,40,runoff,0.6794055201698513,-0.3865370982226456
42,10.68,37.53,Physical SWC measures,Cereal,Barley,1493.6942,2426.4692,7.467733,16.796667,92.75727,275.0,43.10000228881836,5.800000190734863,55.900001525878906,40,yield,0.8163265306122449,-0.2029408439966903
42,10.68,37.53,Physical SWC measures,Cereal,Barley,1493.6942,2426.4692,7.467733,16.796667,92.75727,275.0,43.10000228881836,5.800000190734863,55.900001525878906,40,runoff,0.8338709677419355,-0.1816766035307081
44,10.68,37.53,Physical SWC measures,Cereal,Wheat,1493.6942,2426.4692,7.467733,16.796667,92.75727,275.0,43.10000228881836,5.800000190734863,55.900001525878906,40,soil loss,0.3693693693693693,-0.9959581346080264
44,10.68,37.53,Physical SWC measures,Oilseed,Niger seed,1493.6942,2426.4692,7.467733,16.796667,92.75727,275.0,43.10000228881836,5.800000190734863,55.900001525878906,40,soil loss,0.3220338983050847,-1.133098464739279
44,10.68,37.53,Physical SWC measures,Pulse,Field pea,1493.6942,2426.4692,7.467733,16.796667,92.75727,275.0,43.10000228881836,5.800000190734863,55.900001525878906,40,soil loss,0.1442307692307692,-1.9363406980391624
45,9.59,39.74,Physical SWC measures,Cereal,Sorghum,1053.0851,2604.7654,42.429592,14.966607,107.7291,273.0,35.20000076293945,6.300000190734863,59.79999923706055,40,yield,2.266321243523316,0.8181579193377819
45,9.59,39.74,Physical SWC measures,Cereal,Sorghum,1053.0851,2604.7654,42.429592,14.966607,107.7291,273.0,35.20000076293945,6.300000190734863,59.79999923706055,40,yield,2.7291666666666665,1.0039963122932605
45,9.59,39.74,Physical SWC measures,Cereal,Sorghum,1053.0851,2604.7654,42.429592,14.966607,107.7291,273.0,35.20000076293945,6.300000190734863,59.79999923706055,40,yield,3.9628770301624128,1.3769702842447673
72,10.68,37.53,Physical SWC measures,Oilseed,Niger seed,1493.6942,2426.4692,7.467733,16.796667,92.75727,275.0,43.10000228881836,5.800000190734863,55.900001525878906,40,yield,0.8536585365853658,-0.1582240052148941
163,10.68,37.53,Physical SWC measures,Cereal,Barley,1493.6942,2426.4692,7.467733,16.796667,92.75727,275.0,43.10000228881836,5.800000190734863,55.900001525878906,40,soil loss,0.3309352517985611,-1.1058325366415969
163,10.68,37.53,Physical SWC measures,Cereal,Wheat,1493.6942,2426.4692,7.467733,16.796667,92.75727,275.0,43.10000228881836,5.800000190734863,55.900001525878906,40,yield,0.7692307692307693,-0.262364264467491
164,10.68,37.53,Physical SWC measures,Cereal,Wheat,1493.6942,2426.4692,7.467733,16.796667,92.75727,275.0,43.10000228881836,5.800000190734863,55.900001525878906,40,runoff,0.7157676348547718,-0.3343996970192405
164,10.68,37.53,Physical SWC measures,Oilseed,Niger seed,1493.6942,2426.4692,7.467733,16.796667,92.75727,275.0,43.10000228881836,5.800000190734863,55.900001525878906,40,yield,0.975609756097561,-0.0246926125903715
164,10.68,37.53,Physical SWC measures,Oilseed,Niger seed,1493.6942,2426.4692,7.467733,16.796667,92.75727,275.0,43.10000228881836,5.800000190734863,55.900001525878906,40,runoff,0.5893854748603352,-0.5286748529246338
164,10.68,37.53,Physical SWC measures,Pulse,Field pea,1493.6942,2426.4692,7.467733,16.796667,92.75727,275.0,43.10000228881836,5.800000190734863,55.900001525878906,40,yield,1.0714285714285714,0.0689928714869514
164,10.68,37.53,Physical SWC measures,Pulse,Field pea,1493.6942,2426.4692,7.467733,16.796667,92.75727,275.0,43.10000228881836,5.800000190734863,55.900001525878906,40,runoff,0.4860557768924303,-0.7214318943985273
164,10.68,37.53,Physical SWC measures,Cereal,Wheat,1493.6942,2426.4692,7.467733,16.796667,92.75727,275.0,43.10000228881836,5.800000190734863,55.900001525878906,40,yield,1.5151515151515151,0.4155154439616658
165,10.68,37.53,Physical SWC measures,Cereal,Barley,1493.6942,2426.4692,7.467733,16.796667,92.75727,275.0,43.10000228881836,5.800000190734863,55.900001525878906,40,yield,0.8163265306122449,-0.2029408439966903
177,12.08,39.28,drip irrigation,Vegetable,Onion,891.4364,3336.33,40.022087,11.55156,111.25792,245.0,35.70000076293945,6.599999904632568,45.5,30,yield,0.8885644768856448,-0.1181480657754212
177,12.08,39.28,drip irrigation,Vegetable,Onion,891.4364,3336.33,40.022087,11.55156,111.25792,245.0,35.70000076293945,6.599999904632568,45.5,30,yield,0.8861313868613139,-0.120890047202727
177,12.08,39.28,drip irrigation,Vegetable,Onion,891.4364,3336.33,40.022087,11.55156,111.25792,245.0,35.70000076293945,6.599999904632568,45.5,30,yield,1.0588807785888077,0.0572124810454981
177,12.08,39.28,drip irrigation,Vegetable,Onion,891.4364,3336.33,40.022087,11.55156,111.25792,245.0,35.70000076293945,6.599999904632568,45.5,30,yield,1.0734793187347933,0.0709050728831129
177,12.08,39.28,drip irrigation,Vegetable,Onion,891.4364,3336.33,40.022087,11.55156,111.25792,245.0,35.70000076293945,6.599999904632568,45.5,30,yield,1.145498783454988,0.1358401608898871
177,12.08,39.28,drip irrigation,Vegetable,Onion,891.4364,3336.33,40.022087,11.55156,111.25792,245.0,35.70000076293945,6.599999904632568,45.5,30,water use efficiency,1.3333333333333333,0.2876820724517808
177,12.08,39.28,drip irrigation,Vegetable,Onion,891.4364,3336.33,40.022087,11.55156,111.25792,245.0,35.70000076293945,6.599999904632568,45.5,30,water use efficiency,1.0666666666666669,0.0645385211375711
177,12.08,39.28,drip irrigation,Vegetable,Onion,891.4364,3336.33,40.022087,11.55156,111.25792,245.0,35.70000076293945,6.599999904632568,45.5,30,water use efficiency,3.1333333333333333,1.1420974006078486
177,12.08,39.28,drip irrigation,Vegetable,Onion,891.4364,3336.33,40.022087,11.55156,111.25792,245.0,35.70000076293945,6.599999904632568,45.5,30,water use efficiency,2.533333333333333,0.9295359586241756
177,12.08,39.28,drip irrigation,Vegetable,Onion,891.4364,3336.33,40.022087,11.55156,111.25792,245.0,35.70000076293945,6.599999904632568,45.5,30,water use efficiency,2.2666666666666666,0.8183103235139513
177,12.08,39.28,drip irrigation,Vegetable,Tomato,891.4364,3336.33,40.022087,11.55156,111.25792,245.0,35.70000076293945,6.599999904632568,45.5,30,yield,1.1051637279596978,0.0999934940928851
177,12.08,39.28,drip irrigation,Vegetable,Tomato,891.4364,3336.33,40.022087,11.55156,111.25792,245.0,35.70000076293945,6.599999904632568,45.5,30,yield,1.1467254408060454,0.136910437920527
177,12.08,39.28,drip irrigation,Vegetable,Tomato,891.4364,3336.33,40.022087,11.55156,111.25792,245.0,35.70000076293945,6.599999904632568,45.5,30,yield,1.4741813602015112,0.3881028256838297
177,12.08,39.28,drip irrigation,Vegetable,Tomato,891.4364,3336.33,40.022087,11.55156,111.25792,245.0,35.70000076293945,6.599999904632568,45.5,30,yield,1.3759445843828717,0.3191404657226094
177,12.08,39.28,drip irrigation,Vegetable,Tomato,891.4364,3336.33,40.022087,11.55156,111.25792,245.0,35.70000076293945,6.599999904632568,45.5,30,yield,1.2172544080604537,0.1965978374012499
177,12.08,39.28,drip irrigation,Vegetable,Tomato,891.4364,3336.33,40.022087,11.55156,111.25792,245.0,35.70000076293945,6.599999904632568,45.5,30,water use efficiency,1.625,0.4855078157817008
177,12.08,39.28,drip irrigation,Vegetable,Tomato,891.4364,3336.33,40.022087,11.55156,111.25792,245.0,35.70000076293945,6.599999904632568,45.5,30,water use efficiency,1.3333333333333333,0.2876820724517808
177,12.08,39.28,drip irrigation,Vegetable,Tomato,891.4364,3336.33,40.022087,11.55156,111.25792,245.0,35.70000076293945,6.599999904632568,45.5,30,water use efficiency,4.333333333333333,1.466337068793427
177,12.08,39.28,drip irrigation,Vegetable,Tomato,891.4364,3336.33,40.022087,11.55156,111.25792,245.0,35.70000076293945,6.599999904632568,45.5,30,water use efficiency,3.25,1.1786549963416462
177,12.08,39.28,drip irrigation,Vegetable,Tomato,891.4364,3336.33,40.022087,11.55156,111.25792,245.0,35.70000076293945,6.599999904632568,45.5,30,water use efficiency,2.375,0.8649974374866045
